日期,开盘,收盘,最高,最低,成交量
2024-09-09,0.986,0.983,0.992,0.979,892021.0
2024-09-10,0.98,0.984,0.987,0.97,213948.0
2024-09-11,0.98,1.0,1.004,0.98,389268.0
2024-09-12,1.0,1.005,1.017,0.996,283821.0
2024-09-13,1.005,1.0,1.008,0.995,122266.0
2024-09-18,1.0,1.01,1.015,0.99,218509.0
2024-09-19,1.01,1.012,1.019,1.003,111937.0
2024-09-20,1.01,1.007,1.012,1.0,107169.0
2024-09-23,1.003,1.001,1.017,1.001,146498.0
2024-09-24,1.002,1.017,1.021,0.993,110778.0
2024-09-25,1.017,1.035,1.058,1.017,137763.0
2024-09-26,1.035,1.044,1.045,1.017,48027.0
2024-09-27,1.045,1.085,1.1,1.045,85743.0
2024-09-30,1.119,1.193,1.194,1.085,97778.0
2024-10-08,1.312,1.219,1.312,1.17,115904.0
2024-10-09,1.229,1.159,1.229,1.146,85726.0
2024-10-10,1.16,1.154,1.179,1.135,85385.0
2024-10-11,1.14,1.115,1.155,1.1,44718.0
2024-10-14,1.11,1.129,1.138,1.104,43916.0
2024-10-15,1.115,1.099,1.126,1.097,36357.0
2024-10-16,1.099,1.098,1.109,1.082,59101.0
2024-10-17,1.098,1.088,1.108,1.082,124535.0
2024-10-18,1.083,1.127,1.144,1.083,143843.0
2024-10-21,1.14,1.123,1.144,1.115,156584.0
2024-10-22,1.123,1.154,1.154,1.116,119923.0
2024-10-23,1.155,1.152,1.17,1.146,108113.0
2024-10-24,1.152,1.148,1.152,1.139,92742.0
2024-10-25,1.15,1.162,1.162,1.142,119100.0
2024-10-28,1.162,1.163,1.166,1.146,97093.0
2024-10-29,1.163,1.161,1.178,1.158,96488.0
2024-10-30,1.157,1.159,1.172,1.147,114303.0
2024-10-31,1.162,1.152,1.166,1.149,107500.0
2024-11-01,1.146,1.142,1.158,1.132,86190.0
2024-11-04,1.148,1.161,1.163,1.148,91777.0
2024-11-05,1.161,1.182,1.19,1.155,120514.0
2024-11-06,1.179,1.188,1.206,1.179,113061.0
2024-11-07,1.182,1.199,1.2,1.181,39111.0
2024-11-08,1.205,1.198,1.22,1.194,102714.0
2024-11-11,1.198,1.201,1.202,1.184,128657.0
2024-11-12,1.206,1.182,1.216,1.177,66315.0
2024-11-13,1.175,1.2,1.201,1.175,57724.0
2024-11-14,1.2,1.174,1.208,1.172,41600.0
2024-11-15,1.17,1.149,1.171,1.145,49800.0
2024-11-18,1.152,1.137,1.165,1.132,53571.0
2024-11-19,1.148,1.156,1.156,1.131,42696.0
2024-11-20,1.156,1.155,1.161,1.148,25817.0
2024-11-21,1.158,1.164,1.169,1.156,45971.0
2024-11-22,1.169,1.127,1.169,1.126,70772.0
2024-11-25,1.129,1.118,1.13,1.108,76762.0
2024-11-26,1.118,1.112,1.124,1.111,60544.0
2024-11-27,1.11,1.132,1.132,1.095,90101.0
2024-11-28,1.134,1.12,1.135,1.119,98199.0
2024-11-29,1.12,1.134,1.142,1.12,78716.0
2024-12-02,1.129,1.148,1.151,1.129,87474.0
2024-12-03,1.152,1.153,1.159,1.145,110320.0
2024-12-04,1.148,1.14,1.15,1.135,105534.0
2024-12-05,1.138,1.131,1.138,1.124,111023.0
2024-12-06,1.135,1.142,1.148,1.127,112338.0
2024-12-09,1.142,1.144,1.146,1.133,94156.0
2024-12-10,1.166,1.144,1.172,1.143,86598.0
2024-12-11,1.143,1.141,1.144,1.138,87683.0
2024-12-12,1.141,1.145,1.15,1.134,128097.0
2024-12-13,1.14,1.127,1.145,1.125,68694.0
2024-12-16,1.128,1.116,1.136,1.112,115369.0
2024-12-17,1.116,1.116,1.13,1.112,129079.0
2024-12-18,1.118,1.121,1.127,1.116,129035.0
2024-12-19,1.118,1.132,1.136,1.111,72116.0
2024-12-20,1.132,1.127,1.138,1.126,138354.0
2024-12-23,1.129,1.111,1.138,1.11,94046.0
2024-12-24,1.116,1.13,1.131,1.116,85292.0
2024-12-25,1.13,1.119,1.133,1.114,92820.0
2024-12-26,1.12,1.132,1.132,1.116,79042.0
2024-12-27,1.133,1.134,1.143,1.127,108748.0
2024-12-30,1.131,1.132,1.149,1.131,166715.0
2024-12-31,1.132,1.118,1.134,1.109,242493.0
2025-01-02,1.112,1.073,1.112,1.065,137862.0
2025-01-03,1.074,1.047,1.079,1.046,119407.0
2025-01-06,1.047,1.048,1.06,1.042,99000.0
2025-01-07,1.049,1.06,1.062,1.045,105893.0
2025-01-08,1.056,1.058,1.068,1.034,88977.0
2025-01-09,1.051,1.055,1.066,1.051,84304.0
2025-01-10,1.056,1.038,1.058,1.038,82492.0
2025-01-13,1.03,1.025,1.037,1.021,32279.0
2025-01-14,1.03,1.066,1.066,1.026,55628.0
2025-01-15,1.06,1.052,1.062,1.049,32399.0
2025-01-16,1.061,1.054,1.072,1.051,49145.0
2025-01-17,1.054,1.067,1.072,1.054,33091.0
2025-01-20,1.067,1.076,1.089,1.067,30710.0
2025-01-21,1.08,1.084,1.085,1.073,59606.0
2025-01-22,1.083,1.086,1.089,1.077,35954.0
2025-01-23,1.091,1.075,1.097,1.074,32422.0
2025-01-24,1.072,1.094,1.1,1.072,54193.0
2025-01-27,1.094,1.079,1.096,1.079,32358.0
2025-02-05,1.076,1.062,1.08,1.058,52403.0
2025-02-06,1.062,1.071,1.072,1.056,63529.0
2025-02-07,1.068,1.088,1.097,1.068,70371.0
2025-02-10,1.111,1.085,1.111,1.079,55173.0
2025-02-11,1.084,1.079,1.087,1.074,58545.0
2025-02-12,1.08,1.093,1.093,1.08,74772.0
2025-02-13,1.095,1.078,1.096,1.077,96658.0
2025-02-14,1.078,1.091,1.093,1.078,60568.0
2025-02-17,1.092,1.095,1.098,1.086,65632.0
2025-02-18,1.096,1.086,1.102,1.082,43336.0
2025-02-19,1.088,1.094,1.094,1.081,26286.0
2025-02-20,1.093,1.085,1.093,1.08,32996.0
2025-02-21,1.085,1.109,1.112,1.085,101509.0
2025-02-24,1.114,1.115,1.13,1.103,117196.0
2025-02-25,1.116,1.094,1.116,1.092,151606.0
2025-02-26,1.099,1.105,1.106,1.091,70714.0
2025-02-27,1.105,1.102,1.109,1.088,108605.0
2025-02-28,1.101,1.089,1.107,1.088,95448.0
2025-03-03,1.089,1.091,1.103,1.083,75495.0
2025-03-04,1.086,1.097,1.097,1.084,69725.0
2025-03-05,1.095,1.101,1.101,1.089,53740.0
2025-03-06,1.101,1.113,1.115,1.096,102940.0
2025-03-07,1.106,1.103,1.112,1.099,70873.0
2025-03-10,1.109,1.098,1.109,1.092,66838.0
2025-03-11,1.099,1.102,1.102,1.088,80263.0
2025-03-12,1.102,1.12,1.124,1.096,117433.0
2025-03-13,1.119,1.118,1.128,1.111,119949.0
2025-03-14,1.118,1.133,1.133,1.118,142128.0
2025-03-17,1.138,1.131,1.146,1.13,67637.0
2025-03-18,1.133,1.137,1.141,1.131,117970.0
2025-03-19,1.136,1.135,1.138,1.131,56093.0
2025-03-20,1.135,1.13,1.14,1.126,82621.0
2025-03-21,1.121,1.126,1.149,1.121,79925.0
2025-03-24,1.13,1.132,1.134,1.11,122712.0
2025-03-25,1.127,1.127,1.144,1.126,93730.0
2025-03-26,1.127,1.127,1.134,1.125,72562.0
2025-03-27,1.127,1.116,1.127,1.111,100608.0
2025-03-28,1.116,1.113,1.12,1.109,97020.0
2025-03-31,1.106,1.096,1.113,1.092,90971.0
2025-04-01,1.093,1.104,1.11,1.093,74037.0
2025-04-02,1.103,1.105,1.111,1.098,55823.0
2025-04-03,1.121,1.096,1.2,1.088,90083.0
2025-04-07,1.041,0.986,1.088,0.986,98821.0
2025-04-08,0.967,1.006,1.01,0.967,79971.0
2025-04-09,0.995,1.024,1.029,0.974,76709.0
2025-04-10,1.029,1.04,1.057,1.02,101099.0
2025-04-11,1.039,1.041,1.046,1.031,69732.0
2025-04-14,1.044,1.047,1.052,1.042,79187.0
2025-04-15,1.047,1.043,1.047,1.037,81590.0
2025-04-16,1.043,1.03,1.043,1.019,82469.0
2025-04-17,1.027,1.03,1.035,1.027,61118.0
2025-04-18,1.028,1.035,1.037,1.025,77429.0
2025-04-21,1.039,1.051,1.052,1.033,48138.0
2025-04-22,1.044,1.048,1.052,1.044,87096.0
2025-04-23,1.053,1.053,1.057,1.047,98923.0
2025-04-24,1.053,1.046,1.057,1.045,86322.0
2025-04-25,1.048,1.049,1.056,1.047,81182.0
2025-04-28,1.052,1.044,1.053,1.043,30197.0
2025-04-29,1.045,1.039,1.046,1.037,75948.0
2025-04-30,1.039,1.039,1.041,1.036,89159.0
2025-05-06,1.037,1.057,1.057,1.037,29775.0
2025-05-07,1.058,1.057,1.068,1.05,74989.0
2025-05-08,1.057,1.07,1.07,1.054,86553.0
2025-05-09,1.071,1.058,1.071,1.054,101643.0
2025-05-12,1.063,1.07,1.073,1.062,47975.0
2025-05-13,1.073,1.071,1.079,1.069,75392.0
2025-05-14,1.072,1.07,1.076,1.064,66914.0
2025-05-15,1.069,1.056,1.069,1.055,82679.0
2025-05-16,1.054,1.057,1.062,1.054,70576.0
2025-05-19,1.06,1.062,1.065,1.053,47778.0
2025-05-20,1.065,1.069,1.07,1.06,63210.0
2025-05-21,1.069,1.063,1.072,1.063,60162.0
2025-05-22,1.063,1.06,1.069,1.058,65845.0
2025-05-23,1.058,1.045,1.063,1.045,67028.0
2025-05-26,1.043,1.05,1.053,1.043,49073.0
2025-05-27,1.05,1.044,1.05,1.042,74808.0
2025-05-28,1.045,1.042,1.05,1.042,36036.0
2025-05-29,1.042,1.055,1.057,1.042,66051.0
2025-05-30,1.05,1.043,1.05,1.038,68136.0
2025-06-03,1.045,1.039,1.045,1.032,70099.0
2025-06-04,1.039,1.042,1.046,1.039,27593.0
2025-06-05,1.045,1.056,1.057,1.045,80204.0
2025-06-06,1.054,1.056,1.062,1.05,76716.0
2025-06-09,1.056,1.065,1.065,1.056,77286.0
2025-06-10,1.065,1.057,1.066,1.048,69930.0
2025-06-11,1.06,1.063,1.063,1.055,73389.0
2025-06-12,1.06,1.061,1.063,1.053,46405.0
2025-06-13,1.056,1.049,1.06,1.049,73925.0
2025-06-16,1.048,1.056,1.058,1.048,65739.0
2025-06-17,1.058,1.057,1.058,1.052,95520.0
2025-06-18,1.054,1.059,1.059,1.054,80846.0
2025-06-19,1.055,1.04,1.057,1.037,82159.0
2025-06-20,1.039,1.036,1.048,1.034,10203.0
2025-06-23,1.028,1.042,1.042,1.028,39725.0
2025-06-24,1.041,1.058,1.058,1.04,15260.0
2025-06-25,1.059,1.066,1.067,1.054,37595.0
2025-06-26,1.068,1.06,1.069,1.06,26100.0
2025-06-27,1.057,1.069,1.071,1.057,44046.0
2025-06-30,1.068,1.08,1.08,1.065,32238.0
2025-07-01,1.081,1.079,1.081,1.074,25708.0
2025-07-02,1.082,1.083,1.085,1.078,15640.0
2025-07-03,1.084,1.083,1.085,1.079,19552.0
2025-07-04,1.084,1.079,1.084,1.076,21434.0
2025-07-07,1.084,1.094,1.094,1.08,39388.0
2025-07-08,1.094,1.103,1.103,1.087,58912.0
2025-07-09,1.104,1.094,1.107,1.094,24424.0
2025-07-10,1.097,1.09,1.097,1.088,25314.0
2025-07-11,1.092,1.09,1.095,1.087,36700.0
2025-07-14,1.092,1.11,1.11,1.092,104804.0
2025-07-15,1.108,1.107,1.114,1.1,44448.0
2025-07-16,1.107,1.101,1.11,1.1,54261.0
2025-07-17,1.102,1.108,1.108,1.102,33187.0
2025-07-18,1.108,1.106,1.111,1.1,29980.0
2025-07-21,1.148,1.154,1.155,1.12,334049.0
2025-07-22,1.158,1.182,1.182,1.14,459496.0
2025-07-23,1.193,1.149,1.197,1.147,379463.0
2025-07-24,1.14,1.147,1.151,1.138,201565.0
2025-07-25,1.147,1.141,1.149,1.139,184658.0
2025-07-28,1.141,1.142,1.145,1.134,133689.0
2025-07-29,1.141,1.142,1.142,1.128,172107.0
2025-07-30,1.141,1.135,1.141,1.129,84321.0
2025-07-31,1.135,1.122,1.139,1.119,107789.0
2025-08-01,1.114,1.124,1.128,1.114,73075.0
2025-08-04,1.117,1.127,1.129,1.114,63465.0
2025-08-05,1.13,1.137,1.137,1.128,89005.0
2025-08-06,1.137,1.144,1.144,1.135,70401.0
2025-08-07,1.144,1.139,1.144,1.133,88680.0
2025-08-08,1.139,1.154,1.156,1.138,161784.0
2025-08-11,1.159,1.164,1.168,1.158,98521.0
2025-08-12,1.163,1.17,1.171,1.161,125056.0
2025-08-13,1.172,1.178,1.179,1.17,108732.0
2025-08-14,1.177,1.159,1.18,1.157,135868.0
2025-08-15,1.16,1.193,1.194,1.159,186242.0
2025-08-18,1.201,1.2,1.204,1.188,145277.0
2025-08-19,1.2,1.203,1.207,1.194,169742.0
2025-08-20,1.203,1.203,1.203,1.187,87561.0
2025-08-21,1.203,1.201,1.214,1.194,62996.0
2025-08-22,1.2,1.206,1.206,1.191,68334.0
2025-08-25,1.207,1.233,1.234,1.207,112787.0
2025-08-26,1.233,1.24,1.243,1.224,129373.0
2025-08-27,1.23,1.21,1.246,1.21,119693.0
2025-08-28,1.215,1.229,1.232,1.2,120387.0
2025-08-29,1.229,1.228,1.234,1.222,102795.0
2025-09-01,1.228,1.24,1.241,1.228,83731.0
2025-09-02,1.236,1.209,1.241,1.2,108098.0
2025-09-03,1.209,1.205,1.217,1.199,92128.0
2025-09-04,1.202,1.195,1.224,1.175,119646.0
2025-09-05,1.196,1.232,1.234,1.186,104376.0
2025-09-08,1.232,1.245,1.245,1.23,87333.0
2025-09-09,1.245,1.234,1.247,1.227,79264.0
2025-09-10,1.241,1.228,1.241,1.218,65801.0
2025-09-11,1.24,1.259,1.259,1.225,83726.0
2025-09-12,1.288,1.25,1.288,1.249,116881.0
2025-09-15,1.254,1.248,1.257,1.243,75989.0
2025-09-16,1.25,1.245,1.252,1.226,99202.0
2025-09-17,1.247,1.276,1.278,1.24,166899.0
2025-09-18,1.272,1.278,1.298,1.262,157571.0
2025-09-19,1.278,1.287,1.291,1.274,123140.0
2025-09-22,1.291,1.29,1.291,1.271,167979.0
2025-09-23,1.292,1.299,1.308,1.268,150144.0
2025-09-24,1.295,1.308,1.311,1.282,134565.0
2025-09-25,1.308,1.321,1.324,1.307,215507.0
2025-09-26,1.321,1.315,1.334,1.312,119631.0
2025-09-29,1.31,1.331,1.331,1.302,135349.0
2025-09-30,1.331,1.358,1.361,1.326,304117.0
2025-10-09,1.381,1.413,1.413,1.37,546977.0
2025-10-10,1.403,1.408,1.42,1.387,490524.0
2025-10-13,1.381,1.388,1.393,1.358,624825.0
2025-10-14,1.389,1.369,1.424,1.354,616309.0
2025-10-15,1.369,1.41,1.41,1.345,551061.0
2025-10-16,1.422,1.407,1.435,1.396,1065468.0
2025-10-17,1.393,1.325,1.404,1.325,727813.0
2025-10-20,1.339,1.353,1.375,1.337,616925.0
2025-10-21,1.355,1.387,1.389,1.348,554209.0
2025-10-22,1.375,1.358,1.375,1.35,396439.0
2025-10-23,1.346,1.355,1.356,1.323,335989.0
2025-10-24,1.358,1.376,1.376,1.356,423299.0
2025-10-27,1.394,1.395,1.401,1.38,397368.0
2025-10-28,1.392,1.385,1.395,1.379,332978.0
2025-10-29,1.384,1.461,1.462,1.383,873510.0
2025-10-30,1.461,1.43,1.461,1.422,1005522.0
2025-10-31,1.43,1.42,1.443,1.411,833373.0
2025-11-03,1.421,1.451,1.455,1.412,1399929.0
2025-11-04,1.457,1.45,1.489,1.441,1624791.0
2025-11-05,1.413,1.527,1.595,1.41,4237631.0
2025-11-06,1.538,1.564,1.588,1.53,5311545.0
2025-11-07,1.55,1.575,1.588,1.55,4120292.0
2025-11-10,1.579,1.564,1.589,1.539,3484522.0
2025-11-11,1.574,1.541,1.585,1.536,2211599.0
2025-11-12,1.524,1.504,1.535,1.485,2419193.0
2025-11-13,1.505,1.531,1.533,1.491,2617838.0
2025-11-14,1.505,1.49,1.517,1.488,2183387.0
2025-11-17,1.478,1.472,1.49,1.463,1445667.0
2025-11-18,1.473,1.447,1.473,1.439,1505092.0
2025-11-19,1.446,1.433,1.455,1.424,1329597.0
2025-11-20,1.449,1.425,1.455,1.422,1236746.0
2025-11-21,1.398,1.354,1.406,1.353,2263809.0
2025-11-24,1.353,1.366,1.374,1.349,1318380.0
2025-11-25,1.374,1.389,1.408,1.373,1529376.0
2025-11-26,1.389,1.38,1.397,1.376,1469610.0
2025-11-27,1.378,1.377,1.406,1.373,1795792.0
2025-11-28,1.371,1.398,1.398,1.367,1930554.0
2025-12-01,1.4,1.411,1.418,1.4,1680839.0
2025-12-02,1.41,1.394,1.41,1.389,1595133.0
2025-12-03,1.396,1.392,1.404,1.387,1394396.0
2025-12-04,1.392,1.393,1.399,1.384,1371359.0
2025-12-05,1.394,1.435,1.436,1.39,2717493.0
2025-12-08,1.445,1.44,1.449,1.427,2420881.0
2025-12-09,1.436,1.437,1.451,1.429,1905448.0
2025-12-10,1.435,1.437,1.44,1.416,1641824.0
2025-12-11,1.441,1.434,1.465,1.432,1752934.0
2025-12-12,1.435,1.484,1.486,1.434,3333071.0
2025-12-15,1.481,1.479,1.494,1.474,2723578.0
2025-12-16,1.465,1.434,1.469,1.425,2396414.0
2025-12-17,1.425,1.458,1.467,1.413,2207499.0
2025-12-18,1.44,1.433,1.451,1.432,1819227.0
2025-12-19,1.44,1.455,1.461,1.436,1991969.0
2025-12-22,1.463,1.488,1.489,1.459,2054537.0
2025-12-23,1.486,1.496,1.496,1.474,1893741.0
2025-12-24,1.495,1.51,1.513,1.477,3620455.0
2025-12-25,1.508,1.52,1.523,1.502,2064513.0
2025-12-26,1.519,1.521,1.526,1.5,2281329.0
2025-12-29,1.522,1.499,1.522,1.492,2251300.0
2025-12-30,1.491,1.492,1.505,1.485,2524432.0
2025-12-31,1.493,1.482,1.496,1.476,2235186.0
2026-01-05,1.492,1.508,1.515,1.49,2737512.0
2026-01-06,1.506,1.521,1.521,1.502,2386741.0
2026-01-07,1.524,1.548,1.558,1.517,2469241.0
2026-01-08,1.55,1.549,1.567,1.537,3208253.0
2026-01-09,1.524,1.581,1.587,1.524,2998260.0
2026-01-12,1.592,1.591,1.598,1.569,3901931.0
2026-01-13,1.592,1.636,1.666,1.551,8188412.0
2026-01-14,1.656,1.621,1.676,1.602,9135093.0
2026-01-15,1.608,1.655,1.665,1.6,7350139.0
2026-01-16,1.744,1.689,1.772,1.688,13940223.0
2026-01-19,1.692,1.82,1.82,1.69,18989188.0
2026-01-20,1.82,1.8,1.841,1.763,24702889.0
2026-01-21,1.763,1.779,1.815,1.762,13990896.0
2026-01-22,1.779,1.757,1.81,1.741,10042881.0
2026-01-23,1.76,1.772,1.799,1.754,8388403.0
2026-01-26,1.773,1.779,1.81,1.773,10774118.0
2026-01-27,1.773,1.76,1.773,1.715,9094690.0
2026-01-28,1.769,1.77,1.78,1.752,5924753.0
2026-01-29,1.765,1.721,1.765,1.716,8509787.0
2026-01-30,1.712,1.725,1.733,1.659,7564558.0
2026-02-02,1.759,1.748,1.79,1.742,10153567.0
2026-02-03,1.75,1.812,1.812,1.746,9077355.0
2026-02-04,1.804,1.818,1.839,1.788,6125119.0
2026-02-05,1.794,1.731,1.797,1.721,7202524.0
2026-02-06,1.707,1.74,1.763,1.702,5195822.0
2026-02-09,1.764,1.792,1.793,1.746,5077634.0
2026-02-10,1.792,1.809,1.816,1.774,4909562.0
2026-02-11,1.8,1.81,1.83,1.796,4395274.0
2026-02-12,1.82,1.869,1.883,1.806,7525106.0
2026-02-13,1.848,1.83,1.856,1.822,8373837.0
2026-02-24,1.86,1.91,1.917,1.854,8092108.0
2026-02-25,1.906,1.922,1.929,1.888,8302855.0
2026-02-26,1.92,1.978,1.985,1.915,8402744.0
2026-02-27,1.952,1.973,1.974,1.94,12399263.0
2026-03-02,1.945,2.007,2.032,1.931,13746632.0
2026-03-03,2.007,1.923,2.014,1.922,16033212.0
2026-03-04,1.891,1.987,2.016,1.89,16512244.0
2026-03-05,2.019,2.069,2.084,2.018,16346398.0
2026-03-06,2.069,2.077,2.126,2.047,14452934.0
2026-03-09,2.036,2.1,2.109,2.024,15043918.0
2026-03-10,2.106,2.115,2.131,2.076,11542737.0
2026-03-11,2.116,2.106,2.134,2.09,12930123.0
2026-03-12,2.087,2.077,2.11,2.056,13741719.0
2026-03-13,2.066,2.019,2.08,2.012,12471699.0
2026-03-16,2.011,1.969,2.026,1.943,10704440.0
