date,open,close,high,low,volume
2020-03-02,0.976,1.027,1.05,0.976,1701970.0
2020-03-03,1.1,1.033,1.101,1.026,2165926.0
2020-03-04,1.022,1.043,1.045,1.016,1019375.0
2020-03-05,1.052,1.062,1.072,1.049,1083948.67
2020-03-06,1.055,1.054,1.059,1.046,543476.0
2020-03-09,1.04,1.021,1.04,1.019,712117.0
2020-03-10,1.01,1.04,1.045,1.001,451216.0
2020-03-11,1.038,1.041,1.056,1.036,490544.18
2020-03-12,1.03,1.042,1.048,1.03,389224.0
2020-03-13,1.005,1.023,1.034,1.002,407603.0
2020-03-16,1.022,0.998,1.032,0.996,448725.0
2020-03-17,0.998,0.995,1.01,0.975,268831.0
2020-03-18,1.0,0.986,1.016,0.985,288203.0
2020-03-19,0.982,0.99,1.0,0.969,301458.0
2020-03-20,0.993,0.996,1.003,0.982,230111.48
2020-03-23,0.985,0.966,0.985,0.964,212848.0
2020-03-24,0.98,0.981,0.991,0.967,299747.0
2020-03-25,0.998,0.992,1.0,0.983,259816.0
2020-03-26,0.984,0.975,0.986,0.974,227483.0
2020-03-27,0.985,0.982,0.996,0.977,277098.0
2020-03-30,0.976,0.97,0.978,0.959,246461.0
2020-03-31,0.975,0.967,0.979,0.963,224219.0
2020-04-01,0.96,0.958,0.972,0.958,264410.0
2020-04-02,0.959,0.977,0.977,0.956,281543.98
2020-04-03,0.976,0.971,0.977,0.968,229550.0
2020-04-07,0.979,0.995,0.996,0.979,238968.0
2020-04-08,0.99,0.999,1.004,0.99,301716.0
2020-04-09,1.001,1.011,1.014,1.001,310957.0
2020-04-10,1.006,0.999,1.015,0.996,284292.0
2020-04-13,0.997,1.004,1.006,0.994,221201.0
2020-04-14,1.001,1.012,1.013,1.001,235133.0
2020-04-15,1.012,1.003,1.013,1.002,218348.0
2020-04-16,1.0,1.007,1.01,0.995,238470.0
2020-04-17,1.007,1.006,1.014,1.003,204412.0
2020-04-20,1.006,1.009,1.011,1.0,220414.0
2020-04-21,1.009,1.005,1.011,0.997,274601.0
2020-04-22,1.0,1.004,1.004,0.99,250128.0
2020-04-23,1.003,0.996,1.004,0.995,257888.0
2020-04-24,0.994,0.988,0.996,0.985,250273.0
2020-04-27,0.983,0.986,0.993,0.983,265168.0
2020-04-28,0.986,0.977,0.986,0.958,287014.0
2020-04-29,0.977,0.977,0.98,0.97,209245.0
2020-04-30,0.977,1.0,1.003,0.977,277760.0
2020-05-06,0.99,1.004,1.004,0.98,198428.0
2020-05-07,1.003,1.002,1.008,1.0,198789.0
2020-05-08,1.002,1.01,1.013,1.002,285885.0
2020-05-11,1.01,1.009,1.014,1.005,253620.0
2020-05-12,1.006,1.008,1.011,1.001,234211.0
2020-05-13,1.008,1.015,1.018,1.002,319691.45
2020-05-14,1.015,1.006,1.015,1.005,212270.0
2020-05-15,1.011,1.0,1.011,0.999,211154.64
2020-05-18,0.998,1.003,1.012,0.997,254533.0
2020-05-19,1.013,1.009,1.014,1.006,253800.0
2020-05-20,1.008,1.0,1.008,0.998,232239.0
2020-05-21,1.0,1.003,1.01,1.0,221916.92
2020-05-22,1.003,0.992,1.003,0.988,241786.0
2020-05-25,0.995,0.988,0.995,0.985,219593.0
2020-05-26,0.995,1.0,1.0,0.98,180054.0
2020-05-27,0.998,1.007,1.011,0.998,239328.0
2020-05-28,1.007,1.0,1.008,0.995,201943.0
2020-05-29,1.0,1.009,1.009,0.998,227467.0
2020-06-01,1.009,1.022,1.024,1.009,250662.0
2020-06-02,1.021,1.022,1.023,1.01,229191.0
2020-06-03,1.022,1.025,1.031,1.022,260970.0
2020-06-04,1.024,1.019,1.024,1.015,270288.0
2020-06-05,1.019,1.017,1.02,1.013,298521.0
2020-06-08,1.017,1.023,1.029,1.017,315837.0
2020-06-09,1.029,1.021,1.029,1.02,362377.0
2020-06-10,1.02,1.03,1.032,1.017,334439.0
2020-06-11,1.026,1.026,1.034,1.024,322161.0
2020-06-12,1.0,1.029,1.033,1.0,383463.0
2020-06-15,1.021,1.022,1.034,1.02,233216.0
2020-06-16,1.021,1.059,1.06,1.021,341148.0
2020-06-17,1.066,1.079,1.092,1.058,380919.0
2020-06-18,1.084,1.107,1.134,1.081,436734.91
2020-06-19,1.101,1.087,1.101,1.077,494402.0
2020-06-22,1.083,1.07,1.089,1.067,444247.0
2020-06-23,1.071,1.07,1.077,1.061,537928.0
2020-06-24,1.074,1.066,1.074,1.061,297989.0
2020-06-29,1.064,1.05,1.064,1.046,319046.0
2020-06-30,1.056,1.051,1.058,1.048,472201.0
2020-07-01,1.05,1.058,1.059,1.041,364992.92
2020-07-02,1.054,1.073,1.074,1.05,586605.92
2020-07-03,1.073,1.087,1.096,1.07,689740.0
2020-07-06,1.099,1.146,1.147,1.098,827113.06
2020-07-07,1.188,1.128,1.198,1.125,832494.06
2020-07-08,1.125,1.181,1.183,1.117,872016.15
2020-07-09,1.168,1.199,1.207,1.153,1600783.0
2020-07-10,1.186,1.15,1.186,1.147,637614.0
2020-07-13,1.149,1.188,1.194,1.14,752340.0
2020-07-14,1.194,1.181,1.218,1.161,601101.0
2020-07-15,1.185,1.141,1.19,1.137,406773.0
2020-07-16,1.145,1.11,1.165,1.107,378893.0
2020-07-17,1.11,1.108,1.124,1.1,294351.0
2020-07-20,1.111,1.166,1.168,1.111,516097.0
2020-07-21,1.166,1.152,1.171,1.146,398667.0
2020-07-22,1.153,1.15,1.168,1.148,328250.0
2020-07-23,1.138,1.142,1.15,1.122,420795.0
2020-07-24,1.136,1.105,1.141,1.093,468295.0
2020-07-27,1.104,1.104,1.111,1.092,277670.0
2020-07-28,1.108,1.114,1.124,1.106,291191.0
2020-07-29,1.117,1.145,1.148,1.1,478935.0
2020-07-30,1.14,1.125,1.143,1.121,283529.0
2020-07-31,1.125,1.127,1.138,1.114,288877.0
2020-08-03,1.139,1.153,1.154,1.137,416675.0
2020-08-04,1.16,1.151,1.16,1.143,416456.0
2020-08-05,1.152,1.158,1.161,1.136,394592.0
2020-08-06,1.16,1.17,1.175,1.145,429142.0
2020-08-07,1.168,1.154,1.168,1.143,284691.46
2020-08-10,1.148,1.163,1.169,1.148,299577.0
2020-08-11,1.16,1.14,1.171,1.137,381424.0
2020-08-12,1.139,1.138,1.141,1.123,378927.0
2020-08-13,1.139,1.158,1.166,1.139,411161.0
2020-08-14,1.158,1.161,1.162,1.143,313204.0
2020-08-17,1.158,1.177,1.177,1.156,427843.0
2020-08-18,1.177,1.188,1.199,1.172,423889.0
2020-08-19,1.181,1.183,1.2,1.179,555572.0
2020-08-20,1.183,1.182,1.199,1.171,421926.0
2020-08-21,1.181,1.184,1.185,1.175,349397.0
2020-08-24,1.186,1.182,1.19,1.179,484494.0
2020-08-25,1.184,1.17,1.191,1.169,231005.0
2020-08-26,1.171,1.156,1.172,1.152,281510.0
2020-08-27,1.156,1.165,1.166,1.151,308452.0
2020-08-28,1.168,1.186,1.188,1.162,290484.0
2020-08-31,1.187,1.176,1.192,1.175,262068.0
2020-09-01,1.173,1.183,1.183,1.172,344998.0
2020-09-02,1.183,1.18,1.186,1.172,400929.0
2020-09-03,1.18,1.181,1.2,1.176,326540.0
2020-09-04,1.165,1.174,1.174,1.16,243480.0
2020-09-07,1.174,1.165,1.183,1.161,246262.0
2020-09-08,1.165,1.189,1.19,1.164,432918.0
2020-09-09,1.179,1.217,1.22,1.174,604400.0
2020-09-10,1.218,1.174,1.22,1.167,417961.0
2020-09-11,1.157,1.176,1.176,1.157,317539.0
2020-09-14,1.172,1.18,1.184,1.17,238350.0
2020-09-15,1.179,1.174,1.179,1.17,272478.0
2020-09-16,1.172,1.165,1.181,1.16,299969.0
2020-09-17,1.164,1.174,1.181,1.162,422878.0
2020-09-18,1.171,1.184,1.186,1.166,337947.0
2020-09-21,1.185,1.18,1.19,1.177,365889.0
2020-09-22,1.176,1.162,1.176,1.158,367316.0
2020-09-23,1.164,1.165,1.167,1.161,372128.0
2020-09-24,1.158,1.143,1.16,1.14,338950.0
2020-09-25,1.145,1.149,1.15,1.142,369967.0
2020-09-28,1.142,1.139,1.151,1.136,355489.0
2020-09-29,1.14,1.146,1.155,1.14,310757.0
2020-09-30,1.146,1.142,1.154,1.136,350892.0
2020-10-09,1.151,1.165,1.167,1.151,318845.0
2020-10-12,1.166,1.186,1.186,1.166,314927.0
2020-10-13,1.185,1.176,1.185,1.172,317527.0
2020-10-14,1.178,1.173,1.178,1.167,446763.0
2020-10-15,1.17,1.172,1.177,1.165,335213.0
2020-10-16,1.168,1.186,1.188,1.168,375203.0
2020-10-19,1.185,1.179,1.2,1.178,375522.0
2020-10-20,1.175,1.175,1.178,1.168,322881.0
2020-10-21,1.175,1.174,1.178,1.168,394048.0
2020-10-22,1.177,1.174,1.177,1.168,288252.0
2020-10-23,1.171,1.168,1.177,1.164,340329.0
2020-10-26,1.165,1.17,1.172,1.164,281350.0
2020-10-27,1.17,1.176,1.177,1.165,381716.0
2020-10-28,1.177,1.177,1.18,1.167,285072.0
2020-10-29,1.169,1.173,1.177,1.164,282595.0
2020-10-30,1.173,1.155,1.178,1.151,310656.0
2020-11-02,1.151,1.163,1.167,1.151,265649.0
2020-11-03,1.164,1.176,1.179,1.164,311175.46
2020-11-04,1.175,1.187,1.188,1.165,380112.0
2020-11-05,1.188,1.221,1.221,1.188,433619.0
2020-11-06,1.222,1.221,1.223,1.213,345983.46
2020-11-09,1.235,1.253,1.256,1.232,377287.0
2020-11-10,1.259,1.247,1.263,1.239,403868.0
2020-11-11,1.243,1.26,1.274,1.243,447732.0
2020-11-12,1.258,1.264,1.264,1.245,372227.0
2020-11-13,1.255,1.258,1.263,1.242,346848.07
2020-11-16,1.26,1.299,1.299,1.259,398794.0
2020-11-17,1.291,1.284,1.304,1.276,397090.0
2020-11-18,1.284,1.295,1.303,1.278,398983.0
2020-11-19,1.295,1.278,1.301,1.276,364030.0
2020-11-20,1.278,1.304,1.305,1.274,321197.0
2020-11-23,1.31,1.319,1.336,1.303,493170.0
2020-11-24,1.31,1.337,1.338,1.296,565026.0
2020-11-25,1.335,1.29,1.34,1.287,471121.0
2020-11-26,1.29,1.276,1.29,1.265,351256.0
2020-11-27,1.276,1.282,1.303,1.264,408572.0
2020-11-30,1.284,1.26,1.294,1.258,467825.0
2020-12-01,1.25,1.271,1.271,1.248,437513.0
2020-12-02,1.27,1.281,1.284,1.262,462501.0
2020-12-03,1.269,1.255,1.275,1.252,382694.0
2020-12-04,1.25,1.26,1.263,1.236,414908.0
2020-12-07,1.256,1.246,1.262,1.24,334293.0
2020-12-08,1.244,1.236,1.246,1.23,425446.0
2020-12-09,1.236,1.224,1.241,1.222,456459.0
2020-12-10,1.223,1.26,1.261,1.223,686856.0
2020-12-11,1.266,1.235,1.27,1.224,550296.0
2020-12-14,1.221,1.207,1.227,1.195,458567.0
2020-12-15,1.206,1.209,1.211,1.19,331471.0
2020-12-16,1.206,1.202,1.214,1.196,420172.0
2020-12-17,1.203,1.234,1.234,1.195,419765.0
2020-12-18,1.236,1.257,1.264,1.233,542331.0
2020-12-21,1.267,1.274,1.281,1.256,435752.0
2020-12-22,1.274,1.231,1.274,1.227,431998.0
2020-12-23,1.228,1.233,1.245,1.222,489203.0
2020-12-24,1.233,1.225,1.238,1.22,305553.0
2020-12-25,1.222,1.257,1.258,1.213,431950.0
2020-12-28,1.248,1.234,1.251,1.225,364916.0
2020-12-29,1.229,1.219,1.236,1.216,358011.0
2020-12-30,1.216,1.226,1.233,1.213,385980.0
2020-12-31,1.224,1.233,1.234,1.218,342506.0
2021-01-04,1.232,1.254,1.258,1.225,404099.0
2021-01-05,1.245,1.242,1.247,1.221,428410.0
2021-01-06,1.24,1.241,1.247,1.225,377034.0
2021-01-07,1.248,1.267,1.277,1.235,496402.0
2021-01-08,1.257,1.272,1.273,1.236,419929.0
2021-01-11,1.268,1.232,1.269,1.228,391673.0
2021-01-12,1.23,1.247,1.249,1.221,335443.0
2021-01-13,1.247,1.247,1.254,1.24,347517.0
2021-01-14,1.243,1.271,1.273,1.236,482902.0
2021-01-15,1.264,1.256,1.266,1.237,407096.0
2021-01-18,1.245,1.259,1.263,1.24,402989.0
2021-01-19,1.256,1.25,1.259,1.245,361007.0
2021-01-20,1.257,1.29,1.29,1.257,584590.0
2021-01-21,1.275,1.292,1.301,1.273,451533.0
2021-01-22,1.284,1.274,1.286,1.268,362978.0
2021-01-25,1.275,1.265,1.281,1.258,382247.0
2021-01-26,1.251,1.27,1.282,1.251,358253.0
2021-01-27,1.269,1.272,1.281,1.262,305697.0
2021-01-28,1.261,1.248,1.264,1.244,380934.0
2021-01-29,1.253,1.229,1.254,1.217,322547.0
2021-02-01,1.223,1.232,1.234,1.223,295232.0
2021-02-02,1.231,1.242,1.244,1.225,330178.0
2021-02-03,1.24,1.261,1.263,1.225,408875.0
2021-02-04,1.259,1.246,1.259,1.228,329711.0
2021-02-05,1.233,1.238,1.245,1.229,278878.0
2021-02-08,1.232,1.232,1.237,1.219,240214.0
2021-02-09,1.229,1.25,1.254,1.224,289713.0
2021-02-10,1.249,1.259,1.261,1.236,281261.0
2021-02-18,1.286,1.328,1.338,1.284,415395.0
2021-02-19,1.31,1.326,1.327,1.303,364229.0
2021-02-22,1.337,1.413,1.423,1.337,481932.0
2021-02-23,1.409,1.391,1.412,1.369,419686.0
2021-02-24,1.378,1.357,1.396,1.348,329136.0
2021-02-25,1.372,1.373,1.394,1.366,425254.0
2021-02-26,1.335,1.337,1.363,1.236,303778.0
2021-03-01,1.344,1.406,1.41,1.338,418150.0
2021-03-02,1.412,1.389,1.429,1.383,410981.0
2021-03-03,1.39,1.498,1.501,1.39,503843.0
2021-03-04,1.491,1.546,1.56,1.48,739542.0
2021-03-05,1.495,1.451,1.495,1.438,522496.0
2021-03-08,1.462,1.444,1.514,1.438,486689.0
2021-03-09,1.42,1.459,1.517,1.393,749574.0
2021-03-10,1.44,1.43,1.471,1.411,520613.0
2021-03-11,1.428,1.502,1.509,1.408,730880.0
2021-03-12,1.518,1.507,1.53,1.487,865345.0
2021-03-15,1.505,1.53,1.566,1.501,805640.37
2021-03-16,1.507,1.507,1.519,1.477,562762.0
2021-03-17,1.494,1.487,1.5,1.459,521531.0
2021-03-18,1.486,1.5,1.523,1.48,608378.0
2021-03-19,1.472,1.489,1.505,1.465,415497.0
2021-03-22,1.502,1.499,1.532,1.485,440747.0
2021-03-23,1.499,1.443,1.499,1.43,417143.0
2021-03-24,1.424,1.378,1.424,1.373,499877.0
2021-03-25,1.378,1.39,1.406,1.373,380100.0
2021-03-26,1.387,1.417,1.418,1.387,433846.0
2021-03-29,1.425,1.432,1.446,1.407,391389.0
2021-03-30,1.422,1.441,1.442,1.401,397049.0
2021-03-31,1.439,1.429,1.447,1.413,316492.0
2021-04-01,1.427,1.477,1.488,1.411,510260.0
2021-04-02,1.475,1.448,1.475,1.442,547288.0
2021-04-06,1.457,1.47,1.492,1.457,603272.0
2021-04-07,1.459,1.54,1.543,1.454,745749.0
2021-04-08,1.54,1.552,1.604,1.534,1340309.0
2021-04-09,1.576,1.573,1.58,1.535,679205.0
2021-04-12,1.568,1.593,1.608,1.547,901954.0
2021-04-13,1.585,1.56,1.585,1.533,586093.0
2021-04-14,1.54,1.587,1.608,1.535,735611.0
2021-04-15,1.58,1.575,1.59,1.557,688983.0
2021-04-16,1.575,1.579,1.595,1.565,759090.0
2021-04-19,1.574,1.57,1.586,1.546,935011.0
2021-04-20,1.564,1.587,1.592,1.561,750025.0
2021-04-21,1.573,1.543,1.58,1.529,507053.0
2021-04-22,1.547,1.577,1.599,1.547,616735.0
2021-04-23,1.574,1.605,1.608,1.553,598196.0
2021-04-26,1.624,1.586,1.637,1.583,540085.0
2021-04-27,1.569,1.576,1.595,1.543,598020.0
2021-04-28,1.56,1.587,1.59,1.554,453908.0
2021-04-29,1.586,1.575,1.586,1.541,515215.0
2021-04-30,1.559,1.558,1.581,1.55,371877.0
2021-05-06,1.582,1.658,1.666,1.582,781733.0
2021-05-07,1.695,1.693,1.715,1.649,799074.0
2021-05-10,1.745,1.782,1.79,1.705,1106075.37
2021-05-11,1.74,1.709,1.742,1.679,1087794.0
2021-05-12,1.699,1.735,1.753,1.696,749731.0
2021-05-13,1.686,1.641,1.705,1.629,860400.0
2021-05-14,1.63,1.635,1.656,1.602,778237.0
2021-05-17,1.634,1.627,1.641,1.598,891270.0
2021-05-18,1.643,1.645,1.651,1.63,994192.0
2021-05-19,1.624,1.614,1.624,1.593,851275.0
2021-05-20,1.54,1.54,1.557,1.51,1162562.0
2021-05-21,1.536,1.572,1.586,1.532,1072810.0
2021-05-24,1.542,1.547,1.563,1.526,715486.0
2021-05-25,1.547,1.557,1.559,1.522,927599.0
2021-05-26,1.543,1.553,1.568,1.534,678336.0
2021-05-27,1.548,1.565,1.566,1.546,790211.0
2021-05-28,1.595,1.558,1.6,1.554,983435.5
2021-05-31,1.569,1.559,1.575,1.548,806682.0
2021-06-01,1.549,1.568,1.57,1.51,1410720.0
2021-06-02,1.561,1.536,1.564,1.535,840777.0
2021-06-03,1.531,1.583,1.602,1.531,1406885.0
2021-06-04,1.563,1.554,1.566,1.542,697456.0
2021-06-07,1.54,1.534,1.557,1.53,635510.0
2021-06-08,1.527,1.538,1.549,1.52,620662.0
2021-06-09,1.535,1.565,1.577,1.535,1058030.0
2021-06-10,1.565,1.582,1.594,1.551,856869.0
2021-06-11,1.592,1.599,1.609,1.578,900299.0
2021-06-15,1.597,1.554,1.597,1.547,587371.0
2021-06-16,1.545,1.525,1.567,1.517,615990.6
2021-06-17,1.52,1.509,1.531,1.503,634128.0
2021-06-18,1.506,1.505,1.51,1.479,546868.0
2021-06-21,1.519,1.543,1.55,1.519,700061.0
2021-06-22,1.538,1.53,1.538,1.517,496391.0
2021-06-23,1.531,1.541,1.55,1.519,654164.0
2021-06-24,1.537,1.545,1.55,1.521,679385.4
2021-06-25,1.545,1.583,1.585,1.541,801236.0
2021-06-28,1.573,1.568,1.575,1.559,662198.0
2021-06-29,1.568,1.543,1.57,1.542,426237.0
2021-06-30,1.544,1.548,1.562,1.543,409532.4
2021-07-01,1.565,1.547,1.573,1.545,463901.0
2021-07-02,1.545,1.548,1.554,1.524,497453.0
2021-07-05,1.547,1.554,1.561,1.543,476784.0
2021-07-06,1.56,1.543,1.569,1.527,539772.0
2021-07-07,1.532,1.589,1.59,1.529,642041.4
2021-07-08,1.595,1.568,1.598,1.561,562094.0
2021-07-09,1.547,1.615,1.618,1.528,828017.0
2021-07-12,1.625,1.631,1.683,1.62,905068.0
2021-07-13,1.623,1.66,1.668,1.604,954570.0
2021-07-14,1.661,1.635,1.687,1.627,743081.0
2021-07-15,1.617,1.714,1.725,1.617,972165.0
2021-07-16,1.712,1.727,1.755,1.69,930104.5
2021-07-19,1.728,1.693,1.745,1.689,698435.0
2021-07-20,1.666,1.666,1.674,1.639,653876.24
2021-07-21,1.668,1.71,1.71,1.661,716674.0
2021-07-22,1.708,1.8,1.808,1.701,1110318.0
2021-07-23,1.816,1.83,1.884,1.805,1126560.5
2021-07-26,1.83,1.79,1.842,1.75,800362.0
2021-07-27,1.786,1.709,1.829,1.707,962300.0
2021-07-28,1.681,1.676,1.713,1.625,892167.0
2021-07-29,1.687,1.757,1.77,1.685,713866.47
2021-07-30,1.743,1.823,1.836,1.735,1286988.0
2021-08-02,1.762,1.733,1.773,1.697,1333703.0
2021-08-03,1.718,1.668,1.733,1.66,707457.0
2021-08-04,1.684,1.738,1.744,1.677,912123.0
2021-08-05,1.736,1.726,1.737,1.703,623748.0
2021-08-06,1.727,1.76,1.77,1.717,696264.0
2021-08-09,1.74,1.776,1.781,1.727,567338.0
2021-08-10,1.776,1.78,1.794,1.761,665342.0
2021-08-11,1.798,1.817,1.819,1.772,954887.99
2021-08-12,1.809,1.864,1.882,1.785,1110177.0
2021-08-13,1.85,1.876,1.894,1.833,771330.4
2021-08-16,1.876,1.86,1.889,1.838,783624.83
2021-08-17,1.863,1.828,1.876,1.819,935932.01
2021-08-18,1.825,1.842,1.858,1.82,541539.82
2021-08-19,1.816,1.833,1.839,1.774,523037.0
2021-08-20,1.824,1.857,1.857,1.805,632825.0
2021-08-23,1.857,1.874,1.884,1.846,638017.0
2021-08-24,1.861,1.923,1.939,1.857,563400.0
2021-08-25,1.936,1.945,1.949,1.892,582216.0
2021-08-26,1.948,2.008,2.032,1.948,909839.21
2021-08-27,1.992,2.029,2.03,1.971,737478.96
2021-08-30,2.06,2.07,2.077,2.035,744287.37
2021-08-31,2.07,2.18,2.186,2.055,827801.57
2021-09-01,2.211,2.133,2.275,2.117,1348288.37
2021-09-02,2.109,2.191,2.225,2.096,1247917.3
2021-09-03,2.182,2.139,2.209,2.096,935981.2
2021-09-06,2.139,2.155,2.181,2.082,869857.0
2021-09-07,2.15,2.252,2.26,2.13,1211896.0
2021-09-08,2.24,2.251,2.279,2.215,1044587.2
2021-09-09,2.246,2.392,2.404,2.244,1569297.0
2021-09-10,2.368,2.32,2.371,2.307,1458939.85
2021-09-13,2.308,2.361,2.387,2.301,1095768.45
2021-09-14,2.352,2.277,2.352,2.268,1023238.33
2021-09-15,2.258,2.277,2.309,2.251,726053.63
2021-09-16,2.318,2.266,2.375,2.258,993278.61
2021-09-17,2.244,2.169,2.27,2.096,1092801.0
2021-09-22,2.126,2.18,2.181,2.102,712108.09
2021-09-23,2.21,2.212,2.238,2.156,923095.48
2021-09-24,2.187,2.098,2.202,2.074,770574.71
2021-09-27,2.082,1.952,2.082,1.95,979977.0
2021-09-28,1.946,1.958,1.968,1.906,839557.32
2021-09-29,1.93,1.847,1.942,1.839,924175.19
2021-09-30,1.848,1.879,1.9,1.848,961335.71
2021-10-08,1.913,1.869,1.918,1.841,683164.32
2021-10-11,1.872,1.847,1.872,1.793,642685.0
2021-10-12,1.839,1.772,1.85,1.747,848557.0
2021-10-13,1.761,1.768,1.781,1.731,736644.0
2021-10-14,1.771,1.777,1.795,1.747,864343.01
2021-10-15,1.778,1.78,1.785,1.754,833667.0
2021-10-18,1.777,1.806,1.812,1.766,1329256.54
2021-10-19,1.801,1.821,1.823,1.777,1229724.0
2021-10-20,1.789,1.818,1.838,1.755,1117693.61
2021-10-21,1.818,1.818,1.856,1.816,1183584.68
2021-10-22,1.8,1.749,1.803,1.746,1376609.0
2021-10-25,1.745,1.762,1.766,1.718,865527.98
2021-10-26,1.761,1.762,1.794,1.753,882367.82
2021-10-27,1.756,1.727,1.763,1.717,1111922.77
2021-10-28,1.715,1.663,1.72,1.656,977489.33
2021-10-29,1.672,1.68,1.687,1.658,733252.0
2021-11-01,1.672,1.678,1.69,1.663,600336.33
2021-11-02,1.671,1.607,1.677,1.589,1096525.0
2021-11-03,1.606,1.618,1.626,1.591,810015.89
2021-11-04,1.617,1.603,1.617,1.594,716115.02
2021-11-05,1.59,1.554,1.6,1.55,1048409.0
2021-11-08,1.559,1.586,1.608,1.559,997223.0
2021-11-09,1.588,1.584,1.593,1.57,593033.0
2021-11-10,1.56,1.58,1.584,1.535,947417.0
2021-11-11,1.588,1.616,1.621,1.583,1228460.13
2021-11-12,1.609,1.586,1.62,1.585,920916.92
2021-11-15,1.586,1.58,1.586,1.559,725542.0
2021-11-16,1.58,1.553,1.591,1.551,856179.0
2021-11-17,1.555,1.582,1.584,1.554,812330.0
2021-11-18,1.582,1.609,1.62,1.582,1166293.0
2021-11-19,1.609,1.633,1.635,1.59,998498.23
2021-11-22,1.645,1.643,1.65,1.624,1144474.23
2021-11-23,1.647,1.685,1.71,1.647,1493250.0
2021-11-24,1.689,1.707,1.716,1.672,951607.0
2021-11-25,1.706,1.673,1.707,1.671,746761.0
2021-11-26,1.666,1.716,1.735,1.657,1104443.3
2021-11-29,1.69,1.702,1.707,1.673,649325.0
2021-11-30,1.703,1.683,1.711,1.675,541374.64
2021-12-01,1.687,1.699,1.699,1.663,745344.02
2021-12-02,1.693,1.723,1.73,1.683,914955.0
2021-12-03,1.72,1.718,1.727,1.689,1020405.0
2021-12-06,1.719,1.711,1.752,1.706,997175.0
2021-12-07,1.721,1.723,1.733,1.68,1168861.0
2021-12-08,1.72,1.732,1.734,1.703,792232.36
2021-12-09,1.725,1.736,1.76,1.715,873758.02
2021-12-10,1.726,1.718,1.737,1.715,632800.98
2021-12-13,1.718,1.72,1.727,1.711,576242.91
2021-12-14,1.716,1.686,1.717,1.683,633297.98
2021-12-15,1.688,1.699,1.712,1.686,660881.19
2021-12-16,1.697,1.757,1.76,1.696,1180457.83
2021-12-17,1.755,1.751,1.778,1.75,974797.0
2021-12-20,1.755,1.724,1.766,1.716,734542.0
2021-12-21,1.724,1.749,1.749,1.683,582399.19
2021-12-22,1.749,1.727,1.754,1.723,843101.0
2021-12-23,1.73,1.728,1.738,1.72,463025.0
2021-12-24,1.728,1.688,1.729,1.683,724752.93
2021-12-27,1.622,1.619,1.637,1.597,567389.0
2021-12-28,1.619,1.633,1.634,1.611,1141843.39
2021-12-29,1.636,1.645,1.663,1.629,408986.38
2021-12-30,1.647,1.653,1.661,1.645,502251.44
2021-12-31,1.653,1.663,1.667,1.65,379325.0
2022-01-04,1.669,1.675,1.682,1.666,573737.98
2022-01-05,1.676,1.647,1.679,1.64,513194.73
2022-01-06,1.64,1.686,1.687,1.64,746920.0
2022-01-07,1.686,1.7,1.72,1.681,905635.75
2022-01-10,1.706,1.687,1.711,1.678,967029.0
2022-01-11,1.687,1.688,1.713,1.685,1331023.1
2022-01-12,1.682,1.672,1.684,1.651,855291.0
2022-01-13,1.668,1.635,1.668,1.632,851987.0
2022-01-14,1.629,1.618,1.633,1.609,580171.0
2022-01-17,1.607,1.62,1.626,1.607,429743.0
2022-01-18,1.62,1.644,1.647,1.617,554043.0
2022-01-19,1.693,1.659,1.713,1.651,1584231.4
2022-01-20,1.657,1.644,1.684,1.634,962754.4
2022-01-21,1.634,1.621,1.637,1.614,786984.0
2022-01-24,1.61,1.648,1.656,1.604,852272.0
2022-01-25,1.635,1.584,1.649,1.582,610085.0
2022-01-26,1.575,1.598,1.616,1.572,781220.0
2022-01-27,1.596,1.57,1.607,1.566,497116.0
2022-01-28,1.573,1.552,1.583,1.52,532863.0
2022-02-07,1.566,1.615,1.616,1.562,706212.86
2022-02-08,1.618,1.656,1.659,1.608,861361.86
2022-02-09,1.649,1.669,1.671,1.635,792214.0
2022-02-10,1.666,1.671,1.68,1.654,625220.94
2022-02-11,1.67,1.659,1.691,1.658,1547565.29
2022-02-14,1.64,1.631,1.663,1.621,694497.71
2022-02-15,1.63,1.624,1.631,1.607,512024.09
2022-02-16,1.63,1.651,1.66,1.63,469599.83
2022-02-17,1.643,1.658,1.661,1.637,507348.0
2022-02-18,1.651,1.692,1.7,1.642,882669.0
2022-02-21,1.696,1.696,1.706,1.679,616147.0
2022-02-22,1.695,1.668,1.697,1.653,641045.0
2022-02-23,1.665,1.682,1.682,1.655,566959.0
2022-02-24,1.668,1.625,1.673,1.609,806324.0
2022-02-25,1.626,1.656,1.694,1.626,808296.0
2022-02-28,1.658,1.665,1.671,1.637,571819.0
2022-03-01,1.666,1.661,1.678,1.648,535269.0
2022-03-02,1.649,1.661,1.673,1.641,597802.0
2022-03-03,1.67,1.682,1.691,1.666,986506.0
2022-03-04,1.673,1.658,1.686,1.637,1015739.0
2022-03-07,1.671,1.64,1.679,1.628,746073.0
2022-03-08,1.631,1.58,1.642,1.567,914384.0
2022-03-09,1.576,1.564,1.576,1.482,846773.27
2022-03-10,1.567,1.576,1.59,1.552,630764.72
2022-03-11,1.554,1.563,1.572,1.52,569102.73
2022-03-14,1.55,1.516,1.565,1.515,449918.0
2022-03-15,1.516,1.402,1.516,1.4,566338.0
2022-03-16,1.425,1.444,1.455,1.371,588346.0
2022-03-17,1.459,1.478,1.501,1.458,583603.0
2022-03-18,1.49,1.497,1.5,1.47,448588.0
2022-03-21,1.501,1.495,1.508,1.474,513030.35
2022-03-22,1.494,1.52,1.527,1.485,708521.0
2022-03-23,1.513,1.515,1.522,1.497,515792.24
2022-03-24,1.508,1.499,1.511,1.491,444106.24
2022-03-25,1.498,1.486,1.511,1.485,558327.0
2022-03-28,1.48,1.493,1.505,1.446,493533.0
2022-03-29,1.487,1.482,1.498,1.475,521650.0
2022-03-30,1.483,1.512,1.512,1.483,438711.0
2022-03-31,1.51,1.516,1.525,1.504,533823.99
2022-04-01,1.515,1.533,1.536,1.498,1001076.0
2022-04-06,1.537,1.61,1.612,1.521,1990304.0
2022-04-07,1.591,1.57,1.622,1.569,2394416.0
2022-04-08,1.562,1.592,1.597,1.543,1138184.0
2022-04-11,1.579,1.545,1.579,1.539,1137240.0
2022-04-12,1.529,1.543,1.556,1.523,1837870.0
2022-04-13,1.53,1.547,1.572,1.522,2015458.0
2022-04-14,1.55,1.576,1.588,1.541,1530183.0
2022-04-15,1.576,1.58,1.615,1.565,2214382.0
2022-04-18,1.556,1.557,1.563,1.542,1012119.0
2022-04-19,1.548,1.579,1.587,1.545,1377727.0
2022-04-20,1.572,1.51,1.575,1.502,1383887.0
2022-04-21,1.492,1.44,1.504,1.436,1537030.0
2022-04-22,1.43,1.444,1.457,1.406,958133.0
2022-04-25,1.413,1.339,1.43,1.336,1091399.0
2022-04-26,1.345,1.309,1.358,1.306,1328276.0
2022-04-27,1.291,1.361,1.367,1.28,1084954.0
2022-04-28,1.34,1.347,1.363,1.324,845681.0
2022-04-29,1.35,1.404,1.405,1.348,878268.0
2022-05-05,1.403,1.408,1.416,1.393,558559.0
2022-05-06,1.38,1.361,1.382,1.358,1035539.0
2022-05-09,1.358,1.37,1.38,1.352,500988.0
2022-05-10,1.355,1.382,1.383,1.339,668517.0
2022-05-11,1.38,1.39,1.421,1.379,962016.0
2022-05-12,1.38,1.388,1.397,1.37,485559.0
2022-05-13,1.39,1.393,1.396,1.382,517446.0
2022-05-16,1.395,1.402,1.408,1.386,573636.0
2022-05-17,1.404,1.41,1.41,1.387,731074.0
2022-05-18,1.412,1.414,1.423,1.403,519872.0
2022-05-19,1.39,1.414,1.414,1.385,436473.0
2022-05-20,1.422,1.439,1.44,1.419,589955.0
2022-05-23,1.449,1.475,1.481,1.445,733488.0
2022-05-24,1.463,1.421,1.474,1.42,708088.0
2022-05-25,1.414,1.439,1.44,1.413,550592.0
2022-05-26,1.443,1.447,1.458,1.418,809155.0
2022-05-27,1.458,1.451,1.466,1.436,1362902.0
2022-05-30,1.46,1.454,1.466,1.448,614616.0
2022-05-31,1.455,1.467,1.469,1.443,607549.0
2022-06-01,1.467,1.463,1.468,1.447,451849.0
2022-06-02,1.46,1.497,1.498,1.456,553384.0
2022-06-06,1.493,1.516,1.519,1.483,475147.0
2022-06-07,1.518,1.505,1.52,1.496,500315.0
2022-06-08,1.504,1.522,1.527,1.493,559709.0
2022-06-09,1.526,1.519,1.533,1.507,918266.0
2022-06-10,1.516,1.534,1.565,1.502,594879.0
2022-06-13,1.515,1.517,1.528,1.501,940173.0
2022-06-14,1.495,1.525,1.525,1.477,506460.0
2022-06-15,1.523,1.52,1.545,1.515,569157.0
2022-06-16,1.528,1.512,1.538,1.506,606486.0
2022-06-17,1.498,1.509,1.513,1.487,738413.0
2022-06-20,1.5,1.514,1.524,1.495,871886.0
2022-06-21,1.514,1.516,1.534,1.492,877599.0
2022-06-22,1.515,1.513,1.529,1.499,615326.0
2022-06-23,1.515,1.534,1.535,1.504,483424.0
2022-06-24,1.534,1.556,1.56,1.529,902696.0
2022-06-27,1.571,1.559,1.573,1.535,887481.0
2022-06-28,1.559,1.559,1.559,1.54,589000.0
2022-06-29,1.552,1.527,1.558,1.522,1012470.0
2022-06-30,1.528,1.531,1.54,1.528,535904.0
2022-07-01,1.531,1.553,1.558,1.523,691053.0
2022-07-04,1.542,1.561,1.566,1.538,644186.0
2022-07-05,1.568,1.588,1.594,1.561,594835.0
2022-07-06,1.581,1.561,1.584,1.548,634420.0
2022-07-07,1.562,1.566,1.576,1.554,467936.0
2022-07-08,1.564,1.554,1.572,1.55,400546.0
2022-07-11,1.54,1.522,1.541,1.515,385260.0
2022-07-12,1.526,1.528,1.546,1.515,425286.0
2022-07-13,1.528,1.529,1.535,1.515,420749.0
2022-07-14,1.535,1.515,1.537,1.511,368721.0
2022-07-15,1.508,1.481,1.521,1.479,479728.0
2022-07-18,1.487,1.503,1.504,1.481,434910.0
2022-07-19,1.509,1.501,1.511,1.493,351440.0
2022-07-20,1.511,1.517,1.525,1.502,314158.0
2022-07-21,1.518,1.51,1.524,1.506,703937.0
2022-07-22,1.51,1.499,1.515,1.488,417071.0
2022-07-25,1.505,1.473,1.505,1.469,392392.0
2022-07-26,1.472,1.488,1.494,1.47,338990.0
2022-07-27,1.484,1.495,1.498,1.476,450065.0
2022-07-28,1.51,1.491,1.511,1.482,508973.0
2022-07-29,1.495,1.489,1.506,1.484,439543.0
2022-08-01,1.484,1.477,1.486,1.471,449819.0
2022-08-02,1.473,1.44,1.473,1.418,414871.0
2022-08-03,1.437,1.42,1.458,1.417,392666.0
2022-08-04,1.439,1.426,1.439,1.411,388448.0
2022-08-05,1.435,1.45,1.452,1.415,463069.0
2022-08-08,1.451,1.471,1.472,1.444,439141.0
2022-08-09,1.469,1.478,1.481,1.463,384223.0
2022-08-10,1.473,1.472,1.482,1.463,941625.0
2022-08-11,1.472,1.48,1.481,1.469,394598.0
2022-08-12,1.48,1.479,1.488,1.474,485949.0
2022-08-15,1.49,1.489,1.496,1.479,397933.0
2022-08-16,1.49,1.494,1.504,1.486,599451.0
2022-08-17,1.497,1.485,1.497,1.473,411258.0
2022-08-18,1.488,1.469,1.488,1.465,435652.0
2022-08-19,1.476,1.464,1.476,1.461,379155.0
2022-08-22,1.464,1.491,1.494,1.45,532953.0
2022-08-23,1.487,1.478,1.488,1.468,450208.0
2022-08-24,1.488,1.447,1.49,1.446,413562.0
2022-08-25,1.447,1.447,1.454,1.424,402188.0
2022-08-26,1.443,1.439,1.451,1.434,398360.0
2022-08-29,1.425,1.448,1.452,1.419,497002.0
2022-08-30,1.446,1.443,1.456,1.438,420154.0
2022-08-31,1.441,1.415,1.445,1.412,463281.0
2022-09-01,1.425,1.412,1.429,1.408,457897.0
2022-09-02,1.407,1.408,1.419,1.399,462503.0
2022-09-05,1.412,1.425,1.428,1.4,483659.0
2022-09-06,1.426,1.445,1.446,1.426,365090.0
2022-09-07,1.444,1.449,1.452,1.435,992984.0
2022-09-08,1.449,1.461,1.472,1.443,713495.0
2022-09-09,1.459,1.463,1.464,1.447,457314.0
2022-09-13,1.465,1.455,1.47,1.451,457745.0
2022-09-14,1.446,1.437,1.452,1.433,582196.0
2022-09-15,1.439,1.422,1.455,1.41,593597.0
2022-09-16,1.421,1.384,1.421,1.383,521787.0
2022-09-19,1.38,1.364,1.383,1.358,506489.0
2022-09-20,1.371,1.376,1.388,1.37,478665.0
2022-09-21,1.365,1.395,1.399,1.356,471540.0
2022-09-22,1.38,1.387,1.405,1.376,465256.0
2022-09-23,1.389,1.375,1.393,1.366,606785.0
2022-09-26,1.374,1.332,1.374,1.33,587935.0
2022-09-27,1.342,1.345,1.345,1.322,471619.0
2022-09-28,1.343,1.304,1.343,1.302,472347.0
2022-09-29,1.315,1.3,1.318,1.291,465624.0
2022-09-30,1.3,1.293,1.311,1.291,564365.0
2022-10-10,1.295,1.284,1.306,1.279,482656.0
2022-10-11,1.292,1.289,1.293,1.273,493185.0
2022-10-12,1.291,1.308,1.308,1.265,438340.0
2022-10-13,1.305,1.301,1.308,1.294,431495.0
2022-10-14,1.309,1.327,1.329,1.3,483727.0
2022-10-17,1.322,1.34,1.346,1.32,437407.0
2022-10-18,1.343,1.337,1.348,1.334,350734.0
2022-10-19,1.342,1.321,1.342,1.32,448058.0
2022-10-20,1.333,1.311,1.333,1.3,453232.0
2022-10-21,1.313,1.316,1.33,1.311,560643.0
2022-10-24,1.325,1.319,1.343,1.308,466835.0
2022-10-25,1.317,1.32,1.329,1.302,314566.0
2022-10-26,1.32,1.327,1.338,1.319,307537.0
2022-10-27,1.328,1.32,1.337,1.318,337658.0
2022-10-28,1.32,1.264,1.321,1.258,374643.0
2022-10-31,1.259,1.263,1.276,1.25,380211.0
2022-11-01,1.272,1.292,1.292,1.267,421681.0
2022-11-02,1.294,1.296,1.303,1.286,360235.0
2022-11-03,1.293,1.308,1.309,1.288,339091.0
2022-11-04,1.31,1.343,1.344,1.308,390552.0
2022-11-07,1.343,1.354,1.371,1.343,408213.0
2022-11-08,1.354,1.364,1.367,1.352,334847.0
2022-11-09,1.365,1.369,1.381,1.365,455996.0
2022-11-10,1.36,1.373,1.378,1.355,504046.0
2022-11-11,1.388,1.382,1.399,1.373,332278.0
2022-11-14,1.389,1.364,1.392,1.357,322452.0
2022-11-15,1.364,1.377,1.378,1.356,418773.0
2022-11-16,1.38,1.367,1.38,1.366,259951.0
2022-11-17,1.359,1.359,1.363,1.351,266374.0
2022-11-18,1.362,1.347,1.362,1.346,330665.0
2022-11-21,1.338,1.347,1.348,1.33,312158.0
2022-11-22,1.343,1.352,1.363,1.342,361914.0
2022-11-23,1.351,1.364,1.365,1.345,316806.0
2022-11-24,1.364,1.365,1.373,1.36,308722.0
2022-11-25,1.365,1.373,1.375,1.356,433432.0
2022-11-28,1.352,1.355,1.36,1.336,374162.0
2022-11-29,1.356,1.371,1.377,1.355,630564.0
2022-11-30,1.368,1.364,1.375,1.363,361609.0
2022-12-01,1.372,1.371,1.379,1.371,506145.0
2022-12-02,1.371,1.359,1.371,1.356,406718.0
2022-12-05,1.364,1.393,1.398,1.359,664315.0
2022-12-06,1.386,1.39,1.392,1.379,475048.0
2022-12-07,1.39,1.384,1.392,1.372,396075.0
2022-12-08,1.383,1.379,1.387,1.368,346036.0
2022-12-09,1.377,1.399,1.402,1.376,522058.0
2022-12-12,1.395,1.36,1.395,1.359,610752.0
2022-12-13,1.361,1.372,1.382,1.361,579479.0
2022-12-14,1.362,1.362,1.376,1.358,386551.0
2022-12-15,1.358,1.357,1.362,1.347,369643.0
2022-12-16,1.352,1.365,1.372,1.345,409521.0
2022-12-19,1.363,1.33,1.367,1.329,458871.0
2022-12-20,1.328,1.326,1.338,1.317,409752.0
2022-12-21,1.324,1.321,1.335,1.315,381148.0
2022-12-22,1.33,1.302,1.341,1.294,498732.0
2022-12-23,1.298,1.299,1.304,1.286,399334.0
2022-12-26,1.293,1.31,1.31,1.293,354915.0
2022-12-27,1.293,1.301,1.306,1.292,430147.0
2022-12-28,1.295,1.302,1.308,1.291,344585.0
2022-12-29,1.296,1.288,1.302,1.286,335438.0
2022-12-30,1.293,1.282,1.294,1.28,271215.0
2023-01-03,1.282,1.299,1.305,1.276,410186.0
2023-01-04,1.3,1.302,1.309,1.294,463628.0
2023-01-05,1.304,1.305,1.31,1.297,432215.0
2023-01-06,1.306,1.318,1.324,1.304,410506.0
2023-01-09,1.319,1.324,1.329,1.319,336702.0
2023-01-10,1.324,1.314,1.324,1.312,337565.0
2023-01-11,1.312,1.317,1.325,1.311,359867.0
2023-01-12,1.317,1.312,1.32,1.307,278783.0
2023-01-13,1.314,1.319,1.322,1.31,294749.0
2023-01-16,1.32,1.331,1.334,1.317,434504.0
2023-01-17,1.324,1.324,1.332,1.32,374678.0
2023-01-18,1.326,1.331,1.332,1.323,393244.0
2023-01-19,1.328,1.34,1.342,1.323,732715.0
2023-01-20,1.34,1.364,1.365,1.34,461437.0
2023-01-30,1.378,1.382,1.396,1.375,582752.0
2023-01-31,1.381,1.387,1.39,1.371,414697.0
2023-02-01,1.39,1.411,1.412,1.389,516518.0
2023-02-02,1.41,1.403,1.41,1.397,729264.0
2023-02-03,1.401,1.391,1.401,1.37,535078.0
2023-02-06,1.386,1.375,1.386,1.37,449470.0
2023-02-07,1.38,1.384,1.386,1.371,378656.0
2023-02-08,1.384,1.377,1.389,1.376,486863.0
2023-02-09,1.371,1.388,1.392,1.37,515274.0
2023-02-10,1.389,1.378,1.389,1.372,412745.0
2023-02-13,1.376,1.391,1.393,1.375,470939.0
2023-02-14,1.394,1.403,1.407,1.39,515714.0
2023-02-15,1.4,1.393,1.405,1.389,397807.0
2023-02-16,1.394,1.376,1.403,1.367,491642.0
2023-02-17,1.376,1.376,1.387,1.373,431634.0
2023-02-20,1.38,1.405,1.406,1.375,997651.0
2023-02-21,1.405,1.437,1.442,1.405,1270192.0
2023-02-22,1.427,1.438,1.44,1.423,581260.0
2023-02-23,1.436,1.434,1.446,1.425,512493.0
2023-02-24,1.434,1.434,1.439,1.42,528820.0
2023-02-27,1.433,1.42,1.443,1.418,674925.0
2023-02-28,1.42,1.428,1.429,1.412,476925.0
2023-03-01,1.421,1.434,1.438,1.421,621090.0
2023-03-02,1.43,1.443,1.447,1.424,605314.0
2023-03-03,1.44,1.451,1.452,1.433,784216.0
2023-03-06,1.448,1.432,1.45,1.429,1018489.0
2023-03-07,1.429,1.417,1.442,1.414,756390.0
2023-03-08,1.415,1.419,1.427,1.408,454604.0
2023-03-09,1.418,1.422,1.428,1.414,486792.0
2023-03-10,1.415,1.389,1.416,1.387,728312.0
2023-03-13,1.388,1.397,1.406,1.385,685096.0
2023-03-14,1.396,1.39,1.406,1.379,443339.0
2023-03-15,1.389,1.414,1.416,1.389,457169.0
2023-03-16,1.405,1.376,1.406,1.372,670854.0
2023-03-17,1.384,1.384,1.391,1.377,465026.0
2023-03-20,1.385,1.355,1.385,1.349,946470.0
2023-03-21,1.351,1.35,1.359,1.338,662289.0
2023-03-22,1.351,1.348,1.356,1.343,427548.0
2023-03-23,1.344,1.342,1.344,1.332,491469.0
2023-03-24,1.341,1.335,1.341,1.333,413105.0
2023-03-27,1.33,1.319,1.334,1.311,522974.0
2023-03-28,1.319,1.31,1.322,1.309,577557.0
2023-03-29,1.311,1.307,1.315,1.302,377921.0
2023-03-30,1.306,1.314,1.314,1.296,541198.0
2023-03-31,1.313,1.324,1.324,1.309,625898.0
2023-04-03,1.323,1.327,1.33,1.314,985805.0
2023-04-04,1.326,1.328,1.333,1.32,644226.0
2023-04-06,1.321,1.325,1.33,1.318,427900.0
2023-04-07,1.323,1.332,1.336,1.323,772942.0
2023-04-10,1.333,1.327,1.334,1.324,445007.0
2023-04-11,1.329,1.339,1.339,1.317,449728.0
2023-04-12,1.338,1.357,1.358,1.335,783724.0
2023-04-13,1.356,1.346,1.357,1.34,470118.0
2023-04-14,1.346,1.361,1.362,1.344,465523.0
2023-04-17,1.365,1.37,1.373,1.354,669248.0
2023-04-18,1.37,1.363,1.376,1.357,693317.0
2023-04-19,1.356,1.358,1.368,1.356,507464.0
2023-04-20,1.353,1.342,1.358,1.335,608627.0
2023-04-21,1.337,1.318,1.346,1.316,841507.0
2023-04-24,1.313,1.295,1.315,1.29,785116.0
2023-04-25,1.299,1.275,1.304,1.264,556197.0
2023-04-26,1.278,1.284,1.291,1.267,517826.0
2023-04-27,1.289,1.288,1.294,1.275,371495.0
2023-04-28,1.288,1.299,1.301,1.285,432672.0
2023-05-04,1.298,1.303,1.313,1.29,381458.0
2023-05-05,1.308,1.296,1.313,1.283,459116.0
2023-05-08,1.305,1.328,1.33,1.299,661656.0
2023-05-09,1.329,1.327,1.351,1.327,627049.0
2023-05-10,1.321,1.322,1.335,1.318,546774.0
2023-05-11,1.321,1.325,1.33,1.315,485748.0
2023-05-12,1.327,1.299,1.327,1.298,683627.0
2023-05-15,1.301,1.314,1.314,1.292,494161.0
2023-05-16,1.314,1.301,1.315,1.297,433076.0
2023-05-17,1.3,1.303,1.312,1.294,393537.0
2023-05-18,1.3,1.299,1.308,1.293,432265.0
2023-05-19,1.295,1.293,1.299,1.285,385831.0
2023-05-22,1.291,1.299,1.3,1.29,342817.0
2023-05-23,1.296,1.284,1.297,1.28,372396.0
2023-05-24,1.281,1.263,1.281,1.261,538123.0
2023-05-25,1.262,1.26,1.263,1.246,365030.0
2023-05-26,1.259,1.264,1.265,1.245,253664.0
2023-05-29,1.267,1.263,1.268,1.257,297868.0
2023-05-30,1.263,1.249,1.263,1.237,387758.0
2023-05-31,1.249,1.239,1.249,1.237,317497.0
2023-06-01,1.24,1.246,1.252,1.238,317500.0
2023-06-02,1.246,1.264,1.264,1.246,355449.0
2023-06-05,1.27,1.26,1.271,1.256,378764.0
2023-06-06,1.255,1.244,1.261,1.238,336000.0
2023-06-07,1.243,1.235,1.247,1.234,343662.0
2023-06-08,1.235,1.247,1.25,1.232,424714.0
2023-06-09,1.251,1.246,1.251,1.241,645516.0
2023-06-12,1.244,1.245,1.251,1.237,326960.0
2023-06-13,1.245,1.247,1.251,1.243,569960.0
2023-06-14,1.249,1.245,1.253,1.244,554974.0
2023-06-15,1.245,1.248,1.251,1.235,581202.0
2023-06-16,1.25,1.257,1.262,1.249,686977.0
2023-06-19,1.257,1.242,1.261,1.241,706669.0
2023-06-20,1.242,1.234,1.243,1.232,371141.0
2023-06-21,1.231,1.222,1.234,1.222,355991.0
2023-06-26,1.214,1.208,1.222,1.205,358164.0
2023-06-27,1.209,1.233,1.234,1.209,384648.0
2023-06-28,1.234,1.238,1.239,1.225,321964.0
2023-06-29,1.236,1.231,1.236,1.229,315077.0
2023-06-30,1.232,1.249,1.252,1.23,321451.0
2023-07-03,1.251,1.266,1.27,1.25,409814.0
2023-07-04,1.267,1.265,1.272,1.262,409962.0
2023-07-05,1.265,1.278,1.28,1.262,351713.0
2023-07-06,1.277,1.262,1.277,1.25,347001.0
2023-07-07,1.262,1.265,1.274,1.257,446010.0
2023-07-10,1.27,1.267,1.278,1.262,305743.0
2023-07-11,1.267,1.272,1.276,1.265,407179.0
2023-07-12,1.273,1.262,1.276,1.261,347425.0
2023-07-13,1.263,1.269,1.276,1.263,360728.0
2023-07-14,1.269,1.267,1.274,1.266,391843.0
2023-07-17,1.269,1.257,1.269,1.253,372918.0
2023-07-18,1.256,1.259,1.264,1.251,323733.0
2023-07-19,1.259,1.263,1.265,1.257,276376.0
2023-07-20,1.265,1.26,1.27,1.258,244524.0
2023-07-21,1.257,1.259,1.267,1.255,274988.0
2023-07-24,1.259,1.254,1.263,1.254,332292.0
2023-07-25,1.262,1.295,1.296,1.262,509162.0
2023-07-26,1.296,1.318,1.32,1.293,585098.0
2023-07-27,1.309,1.342,1.353,1.308,961698.0
2023-07-28,1.332,1.36,1.366,1.32,906133.0
2023-07-31,1.361,1.358,1.373,1.355,942049.0
2023-08-01,1.357,1.392,1.414,1.357,870443.0
2023-08-02,1.378,1.378,1.382,1.369,682260.0
2023-08-03,1.374,1.379,1.38,1.358,843789.0
2023-08-04,1.397,1.366,1.399,1.364,646799.0
2023-08-07,1.366,1.346,1.378,1.343,686700.0
2023-08-08,1.351,1.335,1.351,1.327,494302.0
2023-08-09,1.331,1.332,1.341,1.328,541050.0
2023-08-10,1.33,1.333,1.339,1.327,517393.0
2023-08-11,1.332,1.309,1.334,1.308,553613.0
2023-08-14,1.301,1.313,1.318,1.293,594775.0
2023-08-15,1.312,1.307,1.32,1.295,481550.0
2023-08-16,1.304,1.308,1.322,1.301,533183.0
2023-08-17,1.301,1.317,1.317,1.291,488058.0
2023-08-18,1.311,1.304,1.327,1.303,502063.0
2023-08-21,1.296,1.287,1.312,1.286,462635.0
2023-08-22,1.288,1.292,1.299,1.278,524285.0
2023-08-23,1.295,1.274,1.295,1.274,385960.0
2023-08-24,1.275,1.265,1.286,1.264,400806.0
2023-08-25,1.262,1.265,1.279,1.252,369228.0
2023-08-28,1.306,1.286,1.33,1.286,910457.0
2023-08-29,1.283,1.289,1.302,1.279,942544.0
2023-08-30,1.292,1.276,1.296,1.276,522505.0
2023-08-31,1.277,1.267,1.285,1.265,457601.0
2023-09-01,1.268,1.296,1.301,1.268,972167.0
2023-09-04,1.3,1.342,1.349,1.3,1558531.0
2023-09-05,1.333,1.327,1.338,1.319,731341.0
2023-09-06,1.321,1.318,1.325,1.311,502250.0
2023-09-07,1.318,1.294,1.318,1.293,632252.0
2023-09-08,1.294,1.287,1.298,1.281,752727.0
2023-09-11,1.287,1.291,1.293,1.277,507562.0
2023-09-12,1.288,1.286,1.294,1.282,524764.0
2023-09-13,1.286,1.295,1.306,1.286,679148.0
2023-09-14,1.291,1.306,1.308,1.285,522452.0
2023-09-15,1.312,1.315,1.325,1.304,731153.0
2023-09-18,1.311,1.306,1.311,1.297,522318.0
2023-09-19,1.309,1.32,1.321,1.302,598797.0
2023-09-20,1.313,1.312,1.319,1.304,470018.0
2023-09-21,1.312,1.3,1.315,1.3,416684.0
2023-09-22,1.296,1.301,1.303,1.285,509173.0
2023-09-25,1.295,1.293,1.302,1.292,365302.0
2023-09-26,1.29,1.28,1.294,1.277,485259.0
2023-09-27,1.279,1.273,1.285,1.273,765915.0
2023-09-28,1.273,1.279,1.282,1.273,330569.0
2023-10-09,1.277,1.283,1.286,1.266,420241.0
2023-10-10,1.281,1.264,1.281,1.261,512395.0
2023-10-11,1.264,1.255,1.267,1.252,641350.0
2023-10-12,1.258,1.28,1.28,1.258,518770.0
2023-10-13,1.272,1.266,1.272,1.263,321051.0
2023-10-16,1.268,1.266,1.271,1.26,343674.0
2023-10-17,1.27,1.274,1.279,1.268,392545.0
2023-10-18,1.269,1.258,1.273,1.25,396073.0
2023-10-19,1.254,1.227,1.254,1.226,484620.0
2023-10-20,1.225,1.23,1.24,1.223,438491.0
2023-10-23,1.23,1.201,1.23,1.195,407482.0
2023-10-24,1.201,1.217,1.218,1.201,400698.0
2023-10-25,1.248,1.265,1.268,1.229,395278.0
2023-10-26,1.257,1.265,1.267,1.248,326371.0
2023-10-27,1.252,1.273,1.275,1.252,369313.0
2023-10-30,1.272,1.278,1.285,1.269,521608.0
2023-10-31,1.27,1.275,1.288,1.27,380660.0
2023-11-01,1.274,1.277,1.285,1.269,374178.0
2023-11-02,1.277,1.264,1.282,1.264,432185.0
2023-11-03,1.265,1.26,1.274,1.257,376722.0
2023-11-06,1.262,1.262,1.266,1.251,718870.0
2023-11-07,1.258,1.253,1.258,1.245,402370.0
2023-11-08,1.25,1.242,1.25,1.236,402401.0
2023-11-09,1.238,1.249,1.25,1.237,497517.0
2023-11-10,1.25,1.242,1.25,1.235,491297.0
2023-11-13,1.243,1.275,1.276,1.243,707285.0
2023-11-14,1.274,1.266,1.274,1.255,581032.0
2023-11-15,1.271,1.292,1.294,1.267,753018.0
2023-11-16,1.281,1.274,1.283,1.271,480475.0
2023-11-17,1.271,1.274,1.277,1.267,557954.0
2023-11-20,1.275,1.281,1.286,1.269,472665.0
2023-11-21,1.283,1.278,1.292,1.275,502203.0
2023-11-22,1.276,1.265,1.279,1.263,423418.0
2023-11-23,1.265,1.282,1.284,1.26,399520.0
2023-11-24,1.282,1.284,1.284,1.273,420709.0
2023-11-27,1.285,1.274,1.285,1.266,391513.0
2023-11-28,1.269,1.278,1.28,1.264,1177638.0
2023-11-29,1.274,1.265,1.278,1.262,367280.0
2023-11-30,1.263,1.258,1.265,1.252,410410.0
2023-12-01,1.256,1.263,1.268,1.254,426899.0
2023-12-04,1.261,1.267,1.275,1.261,805202.0
2023-12-05,1.266,1.247,1.266,1.245,406166.0
2023-12-06,1.245,1.248,1.254,1.24,360543.0
2023-12-07,1.248,1.248,1.252,1.239,295963.0
2023-12-08,1.248,1.25,1.26,1.245,454425.0
2023-12-11,1.255,1.249,1.255,1.224,432094.0
2023-12-12,1.24,1.243,1.245,1.233,307293.0
2023-12-13,1.241,1.228,1.241,1.225,262232.0
2023-12-14,1.228,1.228,1.233,1.227,233726.0
2023-12-15,1.229,1.226,1.235,1.222,310317.0
2023-12-18,1.226,1.208,1.226,1.206,308635.0
2023-12-19,1.215,1.204,1.215,1.199,219831.0
2023-12-20,1.204,1.195,1.212,1.194,249077.0
2023-12-21,1.194,1.199,1.2,1.177,398275.0
2023-12-22,1.198,1.203,1.209,1.192,366308.0
2023-12-25,1.203,1.2,1.204,1.195,267848.0
2023-12-26,1.2,1.194,1.202,1.19,244640.0
2023-12-27,1.199,1.198,1.202,1.186,1484548.0
2023-12-28,1.179,1.187,1.193,1.174,318248.0
2023-12-29,1.19,1.192,1.195,1.184,309804.0
2024-01-02,1.195,1.204,1.211,1.193,360335.0
2024-01-03,1.204,1.218,1.219,1.204,494997.0
2024-01-04,1.222,1.213,1.223,1.206,632391.0
2024-01-05,1.212,1.205,1.222,1.201,450602.0
2024-01-08,1.205,1.18,1.205,1.18,406277.0
2024-01-09,1.184,1.185,1.19,1.177,286337.0
2024-01-10,1.184,1.177,1.188,1.173,236600.0
2024-01-11,1.177,1.18,1.183,1.17,290347.0
2024-01-12,1.179,1.178,1.19,1.175,352560.0
2024-01-15,1.171,1.168,1.177,1.166,285032.0
2024-01-16,1.167,1.163,1.17,1.15,396783.0
2024-01-17,1.157,1.14,1.165,1.14,342460.0
2024-01-18,1.134,1.125,1.14,1.098,423952.0
2024-01-19,1.125,1.121,1.13,1.113,284863.0
2024-01-22,1.12,1.074,1.12,1.065,331876.0
2024-01-23,1.066,1.082,1.085,1.056,373701.0
2024-01-24,1.079,1.11,1.11,1.073,334324.0
2024-01-25,1.111,1.149,1.151,1.109,332016.0
2024-01-26,1.148,1.164,1.167,1.148,348972.0
2024-01-29,1.167,1.152,1.17,1.149,621792.0
2024-01-30,1.15,1.132,1.155,1.13,226855.0
2024-01-31,1.126,1.111,1.14,1.108,303815.0
2024-02-01,1.11,1.101,1.118,1.09,410540.0
2024-02-02,1.099,1.084,1.115,1.053,357943.0
2024-02-05,1.07,1.044,1.074,1.026,482366.0
2024-02-06,1.035,1.095,1.097,1.033,713458.0
2024-02-07,1.093,1.118,1.124,1.085,310479.0
2024-02-08,1.118,1.135,1.14,1.117,283477.0
2024-02-19,1.136,1.151,1.155,1.136,292682.0
2024-02-20,1.152,1.157,1.16,1.137,186354.0
2024-02-21,1.157,1.161,1.179,1.146,310915.0
2024-02-22,1.163,1.172,1.173,1.155,273678.0
2024-02-23,1.171,1.173,1.175,1.163,344023.0
2024-02-26,1.175,1.169,1.179,1.156,540361.0
2024-02-27,1.166,1.177,1.179,1.16,237433.0
2024-02-28,1.177,1.162,1.19,1.16,269675.0
2024-02-29,1.158,1.179,1.18,1.154,316140.0
2024-03-01,1.186,1.18,1.188,1.173,263327.0
2024-03-04,1.186,1.169,1.187,1.163,433674.0
2024-03-05,1.168,1.166,1.172,1.16,298501.0
2024-03-06,1.161,1.178,1.184,1.161,279204.0
2024-03-07,1.176,1.2,1.214,1.173,508813.0
2024-03-08,1.193,1.202,1.206,1.19,407711.0
2024-03-11,1.203,1.202,1.211,1.191,374436.0
2024-03-12,1.202,1.186,1.207,1.178,345898.0
2024-03-13,1.184,1.185,1.19,1.179,274052.0
2024-03-14,1.183,1.178,1.196,1.171,286051.0
2024-03-15,1.174,1.205,1.208,1.169,386711.0
2024-03-18,1.205,1.198,1.205,1.184,366471.0
2024-03-19,1.192,1.211,1.229,1.192,568291.0
2024-03-20,1.211,1.205,1.211,1.195,276712.0
2024-03-21,1.205,1.207,1.208,1.196,268119.0
2024-03-22,1.204,1.189,1.204,1.179,296280.0
2024-03-25,1.187,1.186,1.206,1.184,341046.0
2024-03-26,1.182,1.187,1.191,1.172,489798.0
2024-03-27,1.183,1.169,1.19,1.167,326044.0
2024-03-28,1.168,1.173,1.183,1.164,262832.0
2024-03-29,1.172,1.192,1.193,1.171,222387.0
2024-04-01,1.192,1.209,1.21,1.192,324160.0
2024-04-02,1.222,1.222,1.226,1.211,401602.0
2024-04-03,1.22,1.229,1.233,1.213,672901.0
2024-04-08,1.227,1.224,1.247,1.218,604336.0
2024-04-09,1.217,1.225,1.231,1.212,388626.0
2024-04-10,1.224,1.215,1.228,1.205,338168.0
2024-04-11,1.206,1.223,1.237,1.199,445472.0
2024-04-12,1.223,1.222,1.231,1.216,435258.0
2024-04-15,1.226,1.223,1.234,1.193,577109.0
2024-04-16,1.215,1.193,1.225,1.19,845094.0
2024-04-17,1.19,1.239,1.239,1.189,537647.0
2024-04-18,1.249,1.242,1.251,1.236,464693.0
2024-04-19,1.241,1.259,1.267,1.238,388626.0
2024-04-22,1.259,1.234,1.265,1.23,345507.0
2024-04-23,1.231,1.202,1.232,1.198,452478.0
2024-04-24,1.198,1.213,1.215,1.194,400828.0
2024-04-25,1.212,1.217,1.223,1.205,517862.0
2024-04-26,1.217,1.221,1.222,1.201,1047528.0
2024-04-29,1.221,1.232,1.234,1.204,579413.0
2024-04-30,1.229,1.214,1.235,1.214,970453.0
2024-05-06,1.214,1.235,1.237,1.213,686239.0
2024-05-07,1.228,1.225,1.233,1.22,591588.0
2024-05-08,1.22,1.212,1.221,1.212,414425.0
2024-05-09,1.211,1.228,1.229,1.209,388949.0
2024-05-10,1.23,1.232,1.234,1.219,262480.0
2024-05-13,1.227,1.229,1.232,1.212,651639.0
2024-05-14,1.229,1.223,1.234,1.22,474803.0
2024-05-15,1.219,1.217,1.227,1.214,265348.0
2024-05-16,1.215,1.226,1.238,1.215,927908.0
2024-05-17,1.226,1.237,1.237,1.216,398591.0
2024-05-20,1.238,1.244,1.244,1.235,410661.0
2024-05-21,1.244,1.229,1.244,1.226,301073.0
2024-05-22,1.227,1.235,1.245,1.226,352415.0
2024-05-23,1.23,1.207,1.23,1.204,314360.0
2024-05-24,1.203,1.2,1.214,1.198,311992.0
2024-05-27,1.202,1.211,1.211,1.199,296884.0
2024-05-28,1.21,1.205,1.218,1.203,591097.0
2024-05-29,1.203,1.205,1.215,1.196,231689.0
2024-05-30,1.211,1.205,1.221,1.203,299672.0
2024-05-31,1.201,1.201,1.209,1.198,229197.0
2024-06-03,1.2,1.172,1.2,1.163,368900.0
2024-06-04,1.171,1.178,1.181,1.16,304945.0
2024-06-05,1.178,1.16,1.179,1.157,265909.0
2024-06-06,1.16,1.141,1.165,1.137,293961.0
2024-06-07,1.143,1.159,1.159,1.141,266425.0
2024-06-11,1.156,1.142,1.156,1.136,247601.0
2024-06-12,1.142,1.143,1.146,1.135,217392.0
2024-06-13,1.141,1.131,1.144,1.124,227547.0
2024-06-14,1.13,1.152,1.153,1.129,273425.0
2024-06-17,1.145,1.126,1.145,1.124,263099.0
2024-06-18,1.125,1.131,1.135,1.124,539052.0
2024-06-19,1.131,1.13,1.135,1.126,264407.0
2024-06-20,1.131,1.115,1.135,1.112,317158.0
2024-06-21,1.112,1.114,1.123,1.109,279304.0
2024-06-24,1.11,1.089,1.11,1.083,343293.0
2024-06-25,1.085,1.095,1.104,1.085,270638.0
2024-06-26,1.095,1.112,1.113,1.088,273571.0
2024-06-27,1.118,1.095,1.119,1.094,248064.0
2024-06-28,1.095,1.094,1.106,1.089,286659.0
2024-07-01,1.097,1.114,1.117,1.093,305148.0
2024-07-02,1.111,1.12,1.124,1.108,338282.0
2024-07-03,1.123,1.117,1.126,1.115,279160.0
2024-07-04,1.117,1.103,1.123,1.1,342645.0
2024-07-05,1.1,1.115,1.115,1.1,328370.0
2024-07-08,1.112,1.1,1.113,1.098,238927.0
2024-07-09,1.1,1.108,1.111,1.088,319338.0
2024-07-10,1.108,1.095,1.109,1.09,269080.0
2024-07-11,1.098,1.114,1.116,1.098,276078.0
2024-07-12,1.111,1.109,1.117,1.103,280648.0
2024-07-15,1.102,1.11,1.112,1.102,293104.0
2024-07-16,1.108,1.107,1.109,1.102,243533.0
2024-07-17,1.107,1.098,1.107,1.096,236682.0
2024-07-18,1.095,1.1,1.101,1.086,300423.0
2024-07-19,1.094,1.094,1.098,1.091,246466.0
2024-07-22,1.091,1.086,1.094,1.081,264446.0
2024-07-23,1.084,1.067,1.088,1.066,256052.0
2024-07-24,1.066,1.063,1.07,1.058,243738.0
2024-07-25,1.06,1.058,1.064,1.052,249230.0
2024-07-26,1.057,1.067,1.072,1.057,269413.0
2024-07-29,1.072,1.073,1.076,1.062,293548.0
2024-07-30,1.074,1.075,1.077,1.067,233985.0
2024-07-31,1.075,1.095,1.097,1.074,341756.0
2024-08-01,1.096,1.089,1.102,1.087,334056.0
2024-08-02,1.089,1.082,1.094,1.08,265638.0
2024-08-05,1.075,1.066,1.088,1.065,297525.0
2024-08-06,1.07,1.071,1.079,1.063,288766.0
2024-08-07,1.071,1.066,1.071,1.062,247306.0
2024-08-08,1.061,1.069,1.072,1.057,224662.0
2024-08-09,1.07,1.064,1.075,1.064,320514.0
2024-08-12,1.061,1.056,1.065,1.054,235900.0
2024-08-13,1.055,1.063,1.063,1.053,427272.0
2024-08-14,1.064,1.046,1.064,1.044,267790.0
2024-08-15,1.044,1.053,1.056,1.04,302848.0
2024-08-16,1.054,1.045,1.058,1.042,258096.0
2024-08-19,1.045,1.046,1.056,1.043,247331.0
2024-08-20,1.047,1.032,1.049,1.027,238943.0
2024-08-21,1.032,1.027,1.032,1.022,263264.0
2024-08-22,1.03,1.016,1.03,1.013,236365.0
2024-08-23,1.014,1.015,1.017,1.009,248057.0
2024-08-26,1.015,1.021,1.023,1.013,227356.0
2024-08-27,1.02,1.012,1.02,1.006,192668.0
2024-08-28,1.012,1.014,1.017,1.009,208857.0
2024-08-29,1.014,1.015,1.018,1.007,224997.0
2024-08-30,1.015,1.026,1.037,1.01,351366.0
2024-09-02,1.023,1.01,1.023,1.008,210486.0
2024-09-03,1.005,1.012,1.015,1.005,209185.0
2024-09-04,1.008,1.004,1.01,1.0,221716.0
2024-09-05,1.004,1.009,1.011,1.002,190612.0
2024-09-06,1.009,0.999,1.01,0.997,221997.0
2024-09-09,0.997,0.984,0.997,0.98,223420.0
2024-09-10,0.983,0.981,0.987,0.968,240769.0
2024-09-11,0.974,0.973,0.978,0.968,216542.0
2024-09-12,0.973,0.973,0.978,0.967,177699.0
2024-09-13,0.973,0.973,0.984,0.972,253281.0
2024-09-18,0.974,0.967,0.974,0.953,240758.0
2024-09-19,0.969,0.984,0.991,0.965,315457.0
2024-09-20,0.984,0.978,0.984,0.971,275068.0
2024-09-23,0.978,0.986,0.989,0.971,272777.0
2024-09-24,0.989,1.045,1.045,0.988,715214.0
2024-09-25,1.068,1.062,1.094,1.061,951908.0
2024-09-26,1.06,1.122,1.123,1.058,1027244.0
2024-09-27,1.139,1.168,1.168,1.101,610386.0
2024-09-30,1.235,1.26,1.275,1.183,1753170.0
2024-10-08,1.386,1.313,1.386,1.214,1865626.0
2024-10-09,1.239,1.182,1.254,1.182,1209351.0
2024-10-10,1.181,1.202,1.235,1.157,1181325.0
2024-10-11,1.186,1.179,1.213,1.168,460822.0
2024-10-14,1.19,1.209,1.209,1.179,691579.0
2024-10-15,1.192,1.177,1.209,1.176,505613.0
2024-10-16,1.156,1.193,1.203,1.156,471044.0
2024-10-17,1.193,1.18,1.206,1.178,591854.0
2024-10-18,1.168,1.202,1.22,1.166,788267.0
2024-10-21,1.199,1.188,1.205,1.177,967148.0
2024-10-22,1.187,1.191,1.193,1.177,556607.0
2024-10-23,1.19,1.199,1.205,1.186,656618.0
2024-10-24,1.196,1.184,1.196,1.178,463485.0
2024-10-25,1.183,1.202,1.204,1.183,569563.0
2024-10-28,1.227,1.272,1.274,1.215,2512143.0
2024-10-29,1.272,1.226,1.274,1.223,1933787.0
2024-10-30,1.205,1.228,1.236,1.204,1055591.0
2024-10-31,1.218,1.244,1.247,1.217,1226719.0
2024-11-01,1.243,1.272,1.283,1.238,1674743.0
2024-11-04,1.269,1.253,1.269,1.233,749860.0
2024-11-05,1.254,1.298,1.298,1.244,951663.0
2024-11-06,1.297,1.304,1.312,1.275,937562.0
2024-11-07,1.289,1.337,1.339,1.286,704558.0
2024-11-08,1.345,1.324,1.357,1.318,1002120.0
2024-11-11,1.324,1.316,1.327,1.296,1043345.0
2024-11-12,1.317,1.298,1.323,1.289,627902.0
2024-11-13,1.299,1.296,1.313,1.281,599505.0
2024-11-14,1.289,1.261,1.298,1.258,554856.0
2024-11-15,1.264,1.242,1.272,1.241,636370.0
2024-11-18,1.252,1.261,1.288,1.252,748723.0
2024-11-19,1.251,1.258,1.258,1.223,892296.0
2024-11-20,1.25,1.266,1.267,1.245,430480.0
2024-11-21,1.27,1.271,1.274,1.26,403694.0
2024-11-22,1.271,1.232,1.278,1.229,491841.0
2024-11-25,1.231,1.239,1.248,1.223,394778.0
2024-11-26,1.238,1.227,1.243,1.225,360759.0
2024-11-27,1.225,1.24,1.24,1.2,475257.0
2024-11-28,1.241,1.244,1.254,1.233,449951.0
2024-11-29,1.244,1.252,1.26,1.236,391437.0
2024-12-02,1.251,1.29,1.295,1.25,608244.0
2024-12-03,1.29,1.284,1.29,1.273,508665.0
2024-12-04,1.282,1.287,1.3,1.276,330943.0
2024-12-05,1.289,1.3,1.302,1.279,341977.0
2024-12-06,1.3,1.327,1.33,1.299,512815.0
2024-12-09,1.326,1.329,1.355,1.319,379094.0
2024-12-10,1.4,1.326,1.404,1.322,536232.0
2024-12-11,1.318,1.351,1.358,1.314,436756.0
2024-12-12,1.349,1.344,1.353,1.329,333084.0
2024-12-13,1.34,1.312,1.341,1.311,294400.0
2024-12-16,1.305,1.3,1.316,1.294,348855.0
2024-12-17,1.297,1.282,1.302,1.277,470445.0
2024-12-18,1.283,1.3,1.311,1.283,648748.0
2024-12-19,1.285,1.291,1.294,1.277,446902.0
2024-12-20,1.291,1.274,1.292,1.27,386937.0
2024-12-23,1.27,1.256,1.275,1.251,590137.0
2024-12-24,1.197,1.212,1.213,1.193,771649.0
2024-12-25,1.212,1.199,1.213,1.19,279551.0
2024-12-26,1.199,1.203,1.203,1.194,231106.0
2024-12-27,1.203,1.201,1.216,1.199,328723.0
2024-12-30,1.198,1.195,1.201,1.187,278356.0
2024-12-31,1.195,1.175,1.198,1.17,405745.0
2025-01-02,1.175,1.15,1.181,1.144,484665.0
2025-01-03,1.151,1.128,1.16,1.128,630145.0
2025-01-06,1.124,1.141,1.142,1.12,364872.0
2025-01-07,1.145,1.142,1.145,1.124,275934.0
2025-01-08,1.141,1.128,1.141,1.108,396061.0
2025-01-09,1.128,1.124,1.13,1.118,208723.0
2025-01-10,1.124,1.106,1.128,1.105,439654.0
2025-01-13,1.105,1.112,1.113,1.091,393659.0
2025-01-14,1.111,1.139,1.14,1.111,431775.0
2025-01-15,1.139,1.14,1.142,1.129,427207.0
2025-01-16,1.145,1.151,1.159,1.138,366895.0
2025-01-17,1.145,1.147,1.147,1.131,461761.0
2025-01-20,1.148,1.152,1.155,1.14,354460.0
2025-01-21,1.152,1.133,1.153,1.129,424341.0
2025-01-22,1.135,1.134,1.135,1.122,493094.0
2025-01-23,1.134,1.131,1.151,1.129,393233.0
2025-01-24,1.131,1.154,1.16,1.125,707023.0
2025-01-27,1.15,1.164,1.173,1.146,389045.0
2025-02-05,1.163,1.153,1.168,1.148,421941.0
2025-02-06,1.159,1.168,1.17,1.153,668898.0
2025-02-07,1.168,1.197,1.203,1.168,567483.0
2025-02-10,1.198,1.211,1.216,1.194,456510.0
2025-02-11,1.211,1.206,1.212,1.196,414385.0
2025-02-12,1.204,1.209,1.21,1.197,303589.0
2025-02-13,1.213,1.21,1.22,1.207,372169.0
2025-02-14,1.206,1.202,1.208,1.191,229038.0
2025-02-17,1.211,1.209,1.214,1.194,287216.0
2025-02-18,1.207,1.192,1.208,1.187,316151.0
2025-02-19,1.183,1.19,1.194,1.183,204667.0
2025-02-20,1.187,1.203,1.208,1.187,321555.0
2025-02-21,1.2,1.206,1.21,1.195,304932.0
2025-02-24,1.207,1.209,1.214,1.196,714280.0
2025-02-25,1.208,1.204,1.213,1.188,271143.0
2025-02-26,1.204,1.277,1.278,1.204,1172565.0
2025-02-27,1.27,1.275,1.28,1.247,888666.0
2025-02-28,1.266,1.244,1.271,1.241,950672.0
2025-03-03,1.242,1.253,1.27,1.238,1198657.0
2025-03-04,1.25,1.258,1.266,1.242,526062.0
2025-03-05,1.255,1.264,1.268,1.237,2191267.0
2025-03-06,1.27,1.261,1.27,1.252,788435.0
2025-03-07,1.253,1.28,1.286,1.253,1087766.0
2025-03-10,1.28,1.266,1.286,1.256,723794.0
2025-03-11,1.264,1.286,1.288,1.256,711006.0
2025-03-12,1.293,1.287,1.297,1.286,526983.0
2025-03-13,1.281,1.302,1.303,1.276,1392913.0
2025-03-14,1.302,1.296,1.302,1.277,1042229.0
2025-03-17,1.296,1.289,1.303,1.287,531321.0
2025-03-18,1.286,1.283,1.292,1.279,685674.0
2025-03-19,1.278,1.278,1.282,1.273,566101.0
2025-03-20,1.275,1.289,1.299,1.275,691019.0
2025-03-21,1.284,1.299,1.312,1.284,751931.0
2025-03-24,1.298,1.298,1.307,1.283,1793489.0
2025-03-25,1.291,1.293,1.307,1.288,600384.0
2025-03-26,1.291,1.294,1.296,1.282,703032.0
2025-03-27,1.286,1.273,1.287,1.271,659343.0
2025-03-28,1.273,1.26,1.278,1.256,722220.0
2025-03-31,1.258,1.243,1.258,1.231,811250.0
2025-04-01,1.245,1.262,1.268,1.245,712966.0
2025-04-02,1.256,1.254,1.262,1.252,454851.0
2025-04-03,1.247,1.26,1.263,1.244,547586.0
2025-04-07,1.194,1.134,1.213,1.134,686851.0
2025-04-08,1.134,1.143,1.161,1.129,1337574.0
2025-04-09,1.14,1.155,1.16,1.095,1555722.0
2025-04-10,1.165,1.177,1.186,1.162,596330.0
2025-04-11,1.173,1.177,1.186,1.168,619653.0
2025-04-14,1.178,1.193,1.197,1.178,462481.0
2025-04-15,1.193,1.18,1.194,1.176,445655.0
2025-04-16,1.179,1.172,1.179,1.158,835514.0
2025-04-17,1.171,1.175,1.185,1.166,315517.0
2025-04-18,1.173,1.18,1.182,1.169,346145.0
2025-04-21,1.181,1.193,1.196,1.178,330928.0
2025-04-22,1.196,1.191,1.196,1.185,660056.0
2025-04-23,1.19,1.199,1.201,1.19,366935.0
2025-04-24,1.199,1.194,1.202,1.188,590906.0
2025-04-25,1.196,1.207,1.215,1.195,739299.0
2025-04-28,1.207,1.218,1.234,1.207,3287721.0
2025-04-29,1.216,1.218,1.236,1.216,2074413.0
2025-04-30,1.219,1.202,1.219,1.2,960964.0
2025-05-06,1.202,1.229,1.229,1.202,530005.0
2025-05-07,1.229,1.236,1.241,1.228,387880.0
2025-05-08,1.236,1.232,1.24,1.227,395324.0
2025-05-09,1.232,1.223,1.233,1.22,329256.0
2025-05-12,1.234,1.228,1.234,1.218,679759.0
2025-05-13,1.229,1.233,1.241,1.229,458361.0
2025-05-14,1.225,1.236,1.241,1.225,465192.0
2025-05-15,1.235,1.226,1.239,1.226,424204.0
2025-05-16,1.225,1.222,1.229,1.218,437878.0
2025-05-19,1.222,1.234,1.234,1.218,299145.0
2025-05-20,1.231,1.232,1.235,1.225,245945.0
2025-05-21,1.23,1.228,1.233,1.226,273748.0
2025-05-22,1.227,1.218,1.232,1.217,969859.0
2025-05-23,1.215,1.212,1.228,1.21,374291.0
2025-05-26,1.211,1.213,1.219,1.208,296301.0
2025-05-27,1.211,1.203,1.212,1.198,327186.0
2025-05-28,1.203,1.198,1.206,1.196,232901.0
2025-05-29,1.198,1.204,1.206,1.195,326097.0
2025-05-30,1.205,1.203,1.205,1.193,506516.0
2025-06-03,1.197,1.185,1.197,1.182,1694894.0
2025-06-04,1.184,1.198,1.198,1.184,426261.0
2025-06-05,1.197,1.199,1.199,1.191,768825.0
2025-06-06,1.196,1.2,1.203,1.195,388656.0
2025-06-09,1.198,1.207,1.211,1.196,653790.0
2025-06-10,1.205,1.202,1.211,1.195,344047.0
2025-06-11,1.202,1.215,1.22,1.201,365828.0
2025-06-12,1.215,1.212,1.216,1.207,337888.0
2025-06-13,1.214,1.202,1.214,1.198,285413.0
2025-06-16,1.203,1.2,1.207,1.198,377723.0
2025-06-17,1.2,1.204,1.205,1.199,302787.0
2025-06-18,1.203,1.194,1.204,1.19,349133.0
2025-06-19,1.194,1.179,1.195,1.176,327021.0
2025-06-20,1.178,1.182,1.186,1.178,280830.0
2025-06-23,1.179,1.179,1.181,1.174,336052.0
2025-06-24,1.177,1.193,1.193,1.177,415756.0
2025-06-25,1.194,1.203,1.205,1.189,536960.0
2025-06-26,1.2,1.192,1.203,1.189,4375982.0
2025-06-27,1.194,1.202,1.207,1.193,1495170.0
2025-06-30,1.204,1.207,1.21,1.2,2285735.0
2025-07-01,1.207,1.219,1.22,1.202,1365329.0
2025-07-02,1.215,1.264,1.269,1.215,1284985.0
2025-07-03,1.259,1.26,1.262,1.241,1083131.0
2025-07-04,1.253,1.267,1.29,1.253,1839470.0
2025-07-07,1.262,1.27,1.274,1.255,855473.0
2025-07-08,1.268,1.29,1.294,1.263,966766.0
2025-07-09,1.29,1.284,1.307,1.278,894221.0
2025-07-10,1.284,1.306,1.307,1.282,1507706.0
2025-07-11,1.306,1.326,1.338,1.304,3230759.0
2025-07-14,1.327,1.325,1.344,1.322,1365320.0
2025-07-15,1.32,1.308,1.329,1.302,1479084.0
2025-07-16,1.308,1.292,1.31,1.284,1117085.0
2025-07-17,1.292,1.317,1.318,1.287,988640.0
2025-07-18,1.317,1.332,1.333,1.316,728291.0
2025-07-21,1.362,1.381,1.388,1.35,2409192.0
2025-07-22,1.382,1.416,1.419,1.371,4937758.0
2025-07-23,1.428,1.409,1.463,1.407,4420404.0
2025-07-24,1.395,1.447,1.448,1.386,1840475.0
2025-07-25,1.447,1.425,1.459,1.42,2034922.0
2025-07-28,1.418,1.403,1.418,1.387,2912442.0
2025-07-29,1.401,1.437,1.438,1.397,1955767.0
2025-07-30,1.444,1.459,1.481,1.44,3275059.0
2025-07-31,1.446,1.401,1.447,1.395,3443719.0
2025-08-01,1.394,1.386,1.404,1.384,1617190.0
2025-08-04,1.381,1.388,1.39,1.37,1481359.0
2025-08-05,1.389,1.41,1.415,1.387,1115233.0
2025-08-06,1.409,1.412,1.415,1.399,1398274.0
2025-08-07,1.411,1.408,1.413,1.38,1767731.0
2025-08-08,1.403,1.424,1.432,1.397,1933614.0
2025-08-11,1.427,1.428,1.435,1.42,1049433.0
2025-08-12,1.424,1.416,1.425,1.413,1105201.0
2025-08-13,1.415,1.421,1.428,1.414,770583.0
2025-08-14,1.421,1.389,1.422,1.387,2546521.0
2025-08-15,1.382,1.399,1.4,1.38,1661713.0
2025-08-18,1.401,1.409,1.413,1.395,1822567.0
2025-08-19,1.406,1.403,1.417,1.399,1061379.0
2025-08-20,1.4,1.42,1.425,1.395,1636650.0
2025-08-21,1.417,1.425,1.437,1.417,1349895.0
2025-08-22,1.425,1.423,1.431,1.41,1192738.0
2025-08-25,1.424,1.468,1.469,1.424,2027441.0
2025-08-26,1.462,1.451,1.462,1.433,1497788.0
2025-08-27,1.444,1.408,1.449,1.404,2987998.0
2025-08-28,1.405,1.404,1.415,1.375,3714907.0
2025-08-29,1.405,1.418,1.425,1.404,1761992.0
2025-09-01,1.426,1.417,1.426,1.4,1580714.0
2025-09-02,1.413,1.4,1.414,1.387,1005361.0
2025-09-03,1.4,1.38,1.405,1.375,1797186.0
2025-09-04,1.373,1.358,1.38,1.346,859224.0
2025-09-05,1.36,1.373,1.376,1.349,1641531.0
2025-09-08,1.373,1.393,1.396,1.368,1188820.0
2025-09-09,1.393,1.395,1.411,1.385,1235990.0
2025-09-10,1.394,1.392,1.394,1.373,640211.0
2025-09-11,1.383,1.407,1.41,1.38,1321206.0
2025-09-12,1.404,1.427,1.441,1.398,2071284.0
2025-09-15,1.426,1.419,1.428,1.403,2733974.0
2025-09-16,1.421,1.419,1.429,1.394,1016080.0
2025-09-17,1.415,1.42,1.42,1.4,810284.0
2025-09-18,1.418,1.395,1.42,1.38,1819492.0
2025-09-19,1.387,1.388,1.412,1.383,713297.0
2025-09-22,1.387,1.385,1.387,1.36,759184.0
2025-09-23,1.386,1.359,1.386,1.342,836120.0
2025-09-24,1.359,1.374,1.378,1.347,671762.0
2025-09-25,1.374,1.378,1.385,1.371,488270.0
2025-09-26,1.369,1.382,1.388,1.368,1023041.0
2025-09-29,1.386,1.41,1.41,1.361,844167.0
2025-09-30,1.411,1.425,1.429,1.407,748140.0
2025-10-09,1.434,1.467,1.467,1.434,1617551.0
2025-10-10,1.465,1.476,1.484,1.445,2101648.0
2025-10-13,1.468,1.502,1.506,1.454,2935533.0
2025-10-14,1.504,1.485,1.525,1.477,1630285.0
2025-10-15,1.484,1.488,1.501,1.469,2016438.0
2025-10-16,1.476,1.452,1.48,1.448,1143300.0
2025-10-17,1.449,1.446,1.488,1.44,1544185.0
2025-10-20,1.449,1.445,1.454,1.436,1375395.0
2025-10-21,1.446,1.464,1.465,1.434,995654.0
2025-10-22,1.459,1.46,1.468,1.449,654239.0
2025-10-23,1.452,1.467,1.468,1.439,988762.0
2025-10-24,1.469,1.451,1.472,1.445,857705.0
2025-10-27,1.453,1.485,1.494,1.451,2407386.0
2025-10-28,1.48,1.456,1.483,1.45,1365137.0
2025-10-29,1.454,1.466,1.467,1.443,957105.0
2025-10-30,1.466,1.484,1.493,1.464,1364829.0
2025-10-31,1.484,1.482,1.493,1.477,1240270.0
2025-11-03,1.501,1.51,1.511,1.489,1417111.0
2025-11-04,1.507,1.502,1.526,1.491,1381436.0
2025-11-05,1.489,1.515,1.515,1.481,1251988.0
2025-11-06,1.511,1.539,1.542,1.51,1574419.0
2025-11-07,1.539,1.542,1.55,1.532,1247514.0
2025-11-10,1.543,1.538,1.549,1.527,1404530.0
2025-11-11,1.531,1.543,1.545,1.524,941819.0
2025-11-12,1.538,1.54,1.55,1.527,734321.0
2025-11-13,1.539,1.563,1.568,1.534,1062526.0
2025-11-14,1.555,1.563,1.58,1.554,1211495.0
2025-11-17,1.563,1.571,1.577,1.557,1501917.0
2025-11-18,1.571,1.52,1.571,1.512,1181172.0
2025-11-19,1.513,1.512,1.529,1.494,2995663.0
2025-11-20,1.512,1.517,1.53,1.509,652422.0
2025-11-21,1.495,1.453,1.495,1.45,942152.0
2025-11-24,1.447,1.448,1.459,1.438,1296124.0
2025-11-25,1.449,1.453,1.461,1.446,1163357.0
2025-11-26,1.45,1.447,1.464,1.445,914189.0
2025-11-27,1.446,1.448,1.457,1.441,879267.0
2025-11-28,1.448,1.47,1.47,1.44,600432.0
2025-12-01,1.468,1.482,1.487,1.468,948324.0
2025-12-02,1.479,1.479,1.48,1.466,823173.0
2025-12-03,1.477,1.474,1.488,1.468,623692.0
2025-12-04,1.474,1.462,1.478,1.459,885303.0
2025-12-05,1.459,1.48,1.481,1.454,453018.0
2025-12-08,1.478,1.473,1.482,1.46,485881.0
2025-12-09,1.466,1.438,1.469,1.435,1411335.0
2025-12-10,1.439,1.444,1.448,1.428,726338.0
2025-12-11,1.446,1.423,1.447,1.421,540364.0
2025-12-12,1.423,1.434,1.438,1.423,419468.0
2025-12-15,1.43,1.45,1.463,1.428,380375.0
2025-12-16,1.451,1.427,1.453,1.423,506442.0
2025-12-17,1.427,1.443,1.448,1.415,462166.0
2025-12-18,1.44,1.444,1.452,1.437,412726.0
2025-12-19,1.44,1.47,1.473,1.44,591606.0
2025-12-22,1.474,1.482,1.494,1.474,478041.0
2025-12-23,1.482,1.474,1.486,1.47,739629.0
2025-12-24,1.42,1.43,1.431,1.41,367199.0
2025-12-25,1.429,1.435,1.44,1.415,563423.0
2025-12-26,1.437,1.456,1.462,1.437,969949.0
2025-12-29,1.465,1.45,1.468,1.45,3463920.0
2025-12-30,1.441,1.451,1.464,1.439,550966.0
2025-12-31,1.454,1.451,1.455,1.439,727194.0
2026-01-05,1.451,1.451,1.46,1.44,731153.0
2026-01-06,1.453,1.472,1.473,1.444,890396.0
2026-01-07,1.472,1.48,1.486,1.467,1091497.0
2026-01-08,1.479,1.483,1.491,1.468,603091.0
2026-01-09,1.482,1.489,1.502,1.48,1543913.0
2026-01-12,1.495,1.531,1.532,1.494,2877648.0
2026-01-13,1.53,1.499,1.53,1.495,1558027.0
2026-01-14,1.498,1.493,1.522,1.48,673041.0
2026-01-15,1.493,1.48,1.502,1.474,692556.0
2026-01-16,1.487,1.46,1.492,1.454,1404326.0
2026-01-19,1.457,1.48,1.481,1.442,1347051.0
2026-01-20,1.479,1.491,1.492,1.459,874230.0
2026-01-21,1.488,1.518,1.521,1.476,1498823.0
2026-01-22,1.518,1.547,1.55,1.512,1070420.0
2026-01-23,1.552,1.574,1.575,1.531,1389513.0
2026-01-26,1.598,1.57,1.598,1.559,1446377.0
2026-01-27,1.569,1.548,1.569,1.532,1265161.0
2026-01-28,1.537,1.582,1.587,1.53,1052923.0
2026-01-29,1.583,1.59,1.598,1.568,1529605.0
2026-01-30,1.57,1.548,1.572,1.51,1370993.0
2026-02-02,1.53,1.452,1.53,1.449,1712025.0
2026-02-03,1.467,1.502,1.503,1.464,656763.0
2026-02-04,1.5,1.537,1.538,1.495,1126966.0
2026-02-05,1.536,1.505,1.536,1.494,870838.0
2026-02-06,1.48,1.499,1.518,1.479,615445.0
2026-02-09,1.505,1.526,1.528,1.505,559410.0
2026-02-10,1.528,1.524,1.529,1.506,406649.0
2026-02-11,1.52,1.551,1.553,1.515,1052133.0
2026-02-12,1.546,1.552,1.561,1.532,502031.0
2026-02-13,1.55,1.513,1.55,1.508,2757311.0
2026-02-24,1.516,1.544,1.548,1.516,863032.0
2026-02-25,1.546,1.61,1.639,1.541,2239957.0
2026-02-26,1.611,1.634,1.638,1.605,1061154.0
2026-02-27,1.621,1.674,1.693,1.619,2754916.0
2026-03-02,1.668,1.676,1.683,1.637,2799053.0
2026-03-03,1.666,1.621,1.685,1.612,3061844.0
2026-03-04,1.591,1.606,1.642,1.59,1058593.0
2026-03-05,1.622,1.608,1.634,1.595,943861.0
2026-03-06,1.612,1.616,1.623,1.582,1041191.0
2026-03-09,1.596,1.605,1.611,1.569,1454295.0
2026-03-10,1.606,1.596,1.619,1.589,867573.0
2026-03-11,1.6,1.588,1.6,1.577,818769.0
2026-03-12,1.591,1.602,1.609,1.579,1048725.0
2026-03-13,1.593,1.593,1.629,1.587,1580322.0
2026-03-16,1.581,1.542,1.588,1.521,2416326.0
2026-03-17,1.54,1.537,1.576,1.535,2062965.0
2026-03-18,1.534,1.526,1.542,1.508,1030381.0
2026-03-19,1.508,1.466,1.52,1.459,1180815.0
2026-03-20,1.46,1.435,1.473,1.434,1010530.0
2026-03-23,1.414,1.372,1.421,1.364,1340069.0
2026-03-24,1.387,1.421,1.421,1.374,968768.0
2026-03-25,1.427,1.447,1.448,1.424,2164173.0
2026-03-26,1.438,1.418,1.451,1.413,1041657.0
2026-03-27,1.404,1.439,1.446,1.4,674016.0
2026-03-30,1.43,1.451,1.453,1.418,780647.0
2026-03-31,1.45,1.427,1.457,1.424,568786.0
2026-04-01,1.438,1.444,1.452,1.437,2210261.0
2026-04-02,1.435,1.431,1.444,1.42,797164.0
2026-04-03,1.431,1.411,1.433,1.407,433517.0
2026-04-07,1.406,1.416,1.417,1.397,577880.0
2026-04-08,1.433,1.463,1.464,1.433,1289116.0
2026-04-09,1.455,1.456,1.467,1.452,1094288.0
2026-04-10,1.464,1.456,1.473,1.454,557339.0
2026-04-13,1.456,1.471,1.475,1.45,504262.0
2026-04-14,1.475,1.464,1.477,1.447,510416.0
2026-04-15,1.465,1.45,1.476,1.445,1158758.0
2026-04-16,1.452,1.482,1.484,1.45,563358.0
2026-04-17,1.48,1.477,1.483,1.469,257470.0
2026-04-20,1.48,1.476,1.484,1.469,413247.0
2026-04-21,1.479,1.471,1.479,1.463,441963.0
2026-04-22,1.472,1.476,1.48,1.46,409249.0
2026-04-23,1.476,1.451,1.476,1.447,614633.0
2026-04-24,1.451,1.448,1.454,1.435,488828.0
2026-04-27,1.444,1.431,1.446,1.424,388383.0
2026-04-28,1.429,1.432,1.433,1.417,458399.0
2026-04-29,1.432,1.463,1.465,1.422,787729.0
2026-04-30,1.459,1.441,1.459,1.432,746468.0
2026-05-06,1.445,1.456,1.46,1.439,753547.0
2026-05-07,1.457,1.457,1.465,1.444,1054792.0
2026-05-08,1.451,1.465,1.466,1.441,516078.0
2026-05-11,1.466,1.46,1.468,1.448,3513860.0
2026-05-12,1.457,1.442,1.465,1.438,690244.0
2026-05-13,1.438,1.436,1.446,1.433,433838.0
2026-05-14,1.436,1.406,1.437,1.405,816957.0
2026-05-15,1.405,1.379,1.407,1.376,1971876.0
2026-05-18,1.371,1.359,1.373,1.351,603561.0
2026-05-19,1.36,1.357,1.369,1.342,705954.0
2026-05-20,1.357,1.342,1.357,1.332,612913.0
2026-05-21,1.341,1.317,1.354,1.313,480476.0
2026-05-22,1.317,1.322,1.322,1.304,735295.0
2026-05-25,1.321,1.314,1.333,1.307,717081.0
2026-05-26,1.312,1.324,1.326,1.298,535670.0
2026-05-27,1.318,1.286,1.326,1.28,876058.0
2026-05-28,1.281,1.29,1.295,1.276,942645.0
2026-05-29,1.29,1.283,1.303,1.278,536926.0
2026-06-01,1.281,1.292,1.298,1.27,722305.0
2026-06-02,1.29,1.278,1.297,1.272,563773.0
2026-06-03,1.277,1.272,1.282,1.266,384788.0
2026-06-04,1.267,1.262,1.27,1.251,481591.0
2026-06-05,1.26,1.264,1.281,1.26,1316211.0
2026-06-08,1.248,1.23,1.259,1.217,1147280.0
2026-06-09,1.227,1.235,1.24,1.216,918384.0
2026-06-10,1.23,1.225,1.234,1.212,534960.0
2026-06-11,1.221,1.223,1.229,1.204,1124953.0
2026-06-12,1.223,1.256,1.267,1.221,849152.0
2026-06-15,1.263,1.264,1.288,1.251,868421.0
2026-06-16,1.26,1.243,1.26,1.236,758449.0
2026-06-17,1.242,1.219,1.248,1.214,900829.0
2026-06-18,1.219,1.219,1.236,1.207,895033.0
2026-06-22,1.21,1.232,1.233,1.188,843396.0
2026-06-23,1.22,1.201,1.233,1.196,832950.0
2026-06-24,1.198,1.198,1.201,1.176,735653.0
2026-06-25,1.188,1.175,1.194,1.166,430007.0
2026-06-26,1.172,1.138,1.175,1.138,1041897.0
2026-06-29,1.137,1.148,1.154,1.117,501753.0
2026-06-30,1.149,1.145,1.154,1.13,460499.0
2026-07-01,1.141,1.172,1.18,1.14,830176.0
2026-07-02,1.171,1.176,1.187,1.168,892167.0
2026-07-03,1.178,1.181,1.192,1.173,547967.0
2026-07-06,1.178,1.17,1.191,1.167,719729.0
2026-07-07,1.173,1.154,1.178,1.148,499103.0
2026-07-08,1.152,1.138,1.153,1.136,473119.0
2026-07-09,1.134,1.113,1.136,1.097,1118842.0
2026-07-10,1.111,1.127,1.14,1.095,784416.0
