date,open,close,high,low,volume
2020-03-02,0.97,1.006,1.008,0.97,894356.98
2020-03-03,1.049,1.014,1.049,1.007,838680.0
2020-03-04,1.012,1.024,1.024,1.0,639424.98
2020-03-05,1.027,1.04,1.044,1.027,685694.0
2020-03-06,1.032,1.025,1.032,1.017,312080.0
2020-03-09,1.003,0.987,1.01,0.986,359843.0
2020-03-10,0.975,1.002,1.003,0.97,207078.0
2020-03-11,1.005,0.993,1.009,0.99,214776.0
2020-03-12,0.979,0.976,0.983,0.97,158741.98
2020-03-13,0.944,0.962,0.969,0.936,322338.0
2020-03-16,0.96,0.941,0.971,0.939,256522.0
2020-03-17,0.943,0.941,0.96,0.922,145329.0
2020-03-18,0.936,0.928,0.951,0.928,200870.0
2020-03-19,0.93,0.916,0.93,0.896,202535.0
2020-03-20,0.918,0.928,0.928,0.912,216906.0
2020-03-23,0.919,0.904,0.919,0.9,196762.0
2020-03-24,0.908,0.928,0.929,0.908,202934.0
2020-03-25,0.928,0.938,0.945,0.928,200649.0
2020-03-26,0.929,0.929,0.935,0.927,181719.0
2020-03-27,0.939,0.931,0.939,0.93,147593.0
2020-03-30,0.931,0.929,0.934,0.919,171305.0
2020-03-31,0.931,0.925,0.935,0.924,137123.0
2020-04-01,0.925,0.919,0.931,0.919,203850.0
2020-04-02,0.915,0.937,0.937,0.915,168579.0
2020-04-03,0.937,0.925,0.937,0.924,152880.0
2020-04-07,0.931,0.94,0.941,0.931,182277.0
2020-04-08,0.937,0.944,0.948,0.932,165386.0
2020-04-09,0.95,0.941,0.95,0.939,166484.0
2020-04-10,0.942,0.93,0.942,0.928,245683.0
2020-04-13,0.93,0.926,0.93,0.923,125643.0
2020-04-14,0.921,0.939,0.939,0.921,173832.0
2020-04-15,0.941,0.93,0.941,0.927,146873.0
2020-04-16,0.925,0.928,0.932,0.925,143557.0
2020-04-17,0.93,0.93,0.935,0.928,174424.0
2020-04-20,0.931,0.932,0.932,0.927,127829.0
2020-04-21,0.929,0.913,0.929,0.908,156049.0
2020-04-22,0.904,0.918,0.921,0.904,214724.0
2020-04-23,0.918,0.913,0.918,0.912,164187.0
2020-04-24,0.913,0.917,0.923,0.913,225968.0
2020-04-27,0.915,0.912,0.919,0.91,228588.0
2020-04-28,0.91,0.896,0.91,0.881,217293.0
2020-04-29,0.89,0.9,0.906,0.89,266984.0
2020-04-30,0.9,0.92,0.92,0.9,231458.0
2020-05-06,0.906,0.92,0.922,0.906,231926.0
2020-05-07,0.92,0.913,0.92,0.91,194428.0
2020-05-08,0.916,0.922,0.922,0.914,345073.0
2020-05-11,0.921,0.923,0.927,0.92,265800.0
2020-05-12,0.921,0.918,0.923,0.913,225596.0
2020-05-13,0.917,0.919,0.919,0.909,191928.0
2020-05-14,0.917,0.909,0.917,0.908,189633.0
2020-05-15,0.909,0.911,0.914,0.909,169381.0
2020-05-18,0.911,0.916,0.919,0.908,224705.0
2020-05-19,0.927,0.927,0.929,0.924,204218.0
2020-05-20,0.927,0.92,0.929,0.918,189187.0
2020-05-21,0.92,0.918,0.924,0.916,159048.0
2020-05-22,0.916,0.902,0.916,0.9,229229.0
2020-05-25,0.904,0.912,0.916,0.901,206539.0
2020-05-26,0.911,0.918,0.918,0.906,190999.0
2020-05-27,0.913,0.93,0.931,0.913,240761.0
2020-05-28,0.931,0.926,0.931,0.918,166482.0
2020-05-29,0.922,0.919,0.924,0.918,171881.0
2020-06-01,0.919,0.932,0.933,0.919,208600.0
2020-06-02,0.933,0.936,0.936,0.929,237294.0
2020-06-03,0.945,0.933,0.945,0.933,147663.0
2020-06-04,0.933,0.93,0.935,0.928,269153.1
2020-06-05,0.934,0.931,0.935,0.924,251734.0
2020-06-08,0.931,0.937,0.938,0.931,257344.0
2020-06-09,0.936,0.941,0.941,0.934,274605.0
2020-06-10,0.94,0.935,0.94,0.933,266865.0
2020-06-11,0.937,0.93,0.939,0.927,287558.0
2020-06-12,0.9,0.923,0.925,0.9,262669.0
2020-06-15,0.923,0.917,0.925,0.914,277960.0
2020-06-16,0.922,0.93,0.933,0.918,238012.0
2020-06-17,0.93,0.937,0.941,0.929,269166.0
2020-06-18,0.939,0.974,0.975,0.934,623200.0
2020-06-19,0.972,0.966,0.972,0.961,439931.0
2020-06-22,0.969,0.957,0.969,0.955,397175.0
2020-06-23,0.959,0.957,0.959,0.952,308847.0
2020-06-24,0.955,0.955,0.96,0.953,308988.0
2020-06-29,0.954,0.941,0.954,0.939,253476.0
2020-06-30,0.944,0.95,0.952,0.944,287782.0
2020-07-01,0.951,0.966,0.966,0.949,332356.0
2020-07-02,0.968,0.999,1.0,0.965,573045.0
2020-07-03,1.004,1.056,1.056,1.0,926605.1
2020-07-06,1.08,1.149,1.161,1.07,1839104.0
2020-07-07,1.209,1.101,1.21,1.09,2124259.0
2020-07-08,1.085,1.122,1.13,1.081,1432016.15
2020-07-09,1.124,1.163,1.176,1.102,2173710.0
2020-07-10,1.156,1.114,1.156,1.105,1138430.0
2020-07-13,1.103,1.136,1.142,1.097,1463985.0
2020-07-14,1.136,1.15,1.162,1.112,1252946.0
2020-07-15,1.151,1.109,1.159,1.105,728029.0
2020-07-16,1.111,1.07,1.123,1.064,594535.0
2020-07-17,1.073,1.065,1.086,1.055,504481.0
2020-07-20,1.07,1.125,1.129,1.068,1019621.0
2020-07-21,1.12,1.11,1.133,1.104,438455.0
2020-07-22,1.121,1.109,1.127,1.105,622760.0
2020-07-23,1.098,1.101,1.107,1.076,487944.0
2020-07-24,1.09,1.073,1.117,1.065,741148.0
2020-07-27,1.074,1.075,1.081,1.057,511778.0
2020-07-28,1.081,1.084,1.102,1.075,467956.0
2020-07-29,1.073,1.099,1.1,1.069,526376.0
2020-07-30,1.101,1.096,1.112,1.092,566777.0
2020-07-31,1.09,1.095,1.103,1.08,506720.0
2020-08-03,1.096,1.114,1.115,1.096,658171.99
2020-08-04,1.116,1.108,1.116,1.1,417718.0
2020-08-05,1.112,1.098,1.112,1.085,460676.0
2020-08-06,1.1,1.102,1.104,1.087,505376.0
2020-08-07,1.101,1.082,1.102,1.073,533359.0
2020-08-10,1.08,1.089,1.094,1.075,371682.0
2020-08-11,1.092,1.076,1.097,1.074,444681.0
2020-08-12,1.074,1.083,1.084,1.062,419361.0
2020-08-13,1.083,1.097,1.106,1.083,429835.99
2020-08-14,1.096,1.101,1.102,1.085,312535.99
2020-08-17,1.099,1.13,1.13,1.096,619577.0
2020-08-18,1.14,1.145,1.158,1.126,828828.0
2020-08-19,1.141,1.148,1.164,1.133,733055.15
2020-08-20,1.144,1.129,1.15,1.122,477151.0
2020-08-21,1.129,1.128,1.136,1.121,465889.0
2020-08-24,1.128,1.126,1.135,1.12,563132.15
2020-08-25,1.126,1.114,1.132,1.113,276968.0
2020-08-26,1.114,1.103,1.117,1.101,316959.0
2020-08-27,1.106,1.112,1.113,1.104,269475.0
2020-08-28,1.109,1.125,1.126,1.105,476465.0
2020-08-31,1.125,1.124,1.14,1.123,373924.0
2020-09-01,1.12,1.131,1.132,1.119,384625.0
2020-09-02,1.132,1.124,1.134,1.115,347184.0
2020-09-03,1.122,1.137,1.15,1.121,470046.0
2020-09-04,1.117,1.125,1.13,1.112,280179.0
2020-09-07,1.123,1.118,1.137,1.115,289483.0
2020-09-08,1.118,1.159,1.16,1.115,646506.0
2020-09-09,1.15,1.151,1.175,1.14,735140.0
2020-09-10,1.158,1.131,1.171,1.128,528445.0
2020-09-11,1.111,1.123,1.131,1.111,294591.0
2020-09-14,1.122,1.118,1.127,1.113,281279.0
2020-09-15,1.12,1.121,1.123,1.111,242990.0
2020-09-16,1.12,1.123,1.13,1.112,350799.0
2020-09-17,1.124,1.12,1.131,1.117,331634.0
2020-09-18,1.12,1.165,1.171,1.12,743927.0
2020-09-21,1.188,1.166,1.188,1.157,611015.0
2020-09-22,1.153,1.136,1.16,1.131,471996.0
2020-09-23,1.135,1.128,1.143,1.124,441307.0
2020-09-24,1.126,1.099,1.126,1.098,448661.0
2020-09-25,1.1,1.109,1.117,1.1,489731.0
2020-09-28,1.115,1.133,1.142,1.115,538870.0
2020-09-29,1.138,1.122,1.138,1.12,604133.0
2020-09-30,1.122,1.1,1.125,1.096,518428.0
2020-10-09,1.11,1.129,1.139,1.11,607687.0
2020-10-12,1.135,1.154,1.154,1.13,581289.0
2020-10-13,1.158,1.161,1.166,1.148,570133.0
2020-10-14,1.164,1.148,1.166,1.144,440576.0
2020-10-15,1.146,1.17,1.196,1.145,953995.0
2020-10-16,1.171,1.195,1.207,1.16,1206939.0
2020-10-19,1.196,1.164,1.196,1.163,660815.0
2020-10-20,1.16,1.162,1.165,1.15,419528.0
2020-10-21,1.163,1.149,1.167,1.144,455021.0
2020-10-22,1.142,1.145,1.156,1.139,444100.0
2020-10-23,1.144,1.132,1.148,1.128,438253.0
2020-10-26,1.125,1.123,1.128,1.114,451017.0
2020-10-27,1.115,1.121,1.122,1.112,434457.0
2020-10-28,1.119,1.122,1.125,1.107,426991.0
2020-10-29,1.11,1.111,1.113,1.101,459783.0
2020-10-30,1.108,1.101,1.126,1.097,620409.0
2020-11-02,1.101,1.116,1.119,1.101,521855.0
2020-11-03,1.118,1.136,1.139,1.117,546721.0
2020-11-04,1.132,1.152,1.155,1.132,717665.0
2020-11-05,1.151,1.155,1.157,1.144,513936.0
2020-11-06,1.154,1.162,1.169,1.148,717494.0
2020-11-09,1.165,1.189,1.193,1.165,946253.0
2020-11-10,1.2,1.177,1.2,1.171,550370.01
2020-11-11,1.178,1.202,1.22,1.164,1205242.99
2020-11-12,1.196,1.192,1.199,1.181,592237.0
2020-11-13,1.184,1.181,1.19,1.172,441336.0
2020-11-16,1.184,1.23,1.231,1.184,1007868.0
2020-11-17,1.227,1.214,1.243,1.206,1226977.0
2020-11-18,1.21,1.219,1.226,1.197,819531.0
2020-11-19,1.211,1.206,1.229,1.195,587599.0
2020-11-20,1.2,1.236,1.237,1.192,933782.0
2020-11-23,1.243,1.308,1.325,1.243,1433375.0
2020-11-24,1.305,1.312,1.322,1.281,1507678.0
2020-11-25,1.318,1.291,1.337,1.289,1126064.0
2020-11-26,1.28,1.289,1.3,1.278,783938.0
2020-11-27,1.287,1.297,1.301,1.258,883559.0
2020-11-30,1.293,1.297,1.332,1.288,972997.0
2020-12-01,1.293,1.312,1.315,1.285,777490.0
2020-12-02,1.312,1.333,1.336,1.304,945034.0
2020-12-03,1.324,1.283,1.324,1.28,847061.0
2020-12-04,1.274,1.272,1.275,1.253,1103007.0
2020-12-07,1.274,1.258,1.29,1.257,655231.0
2020-12-08,1.256,1.258,1.269,1.247,661121.0
2020-12-09,1.264,1.286,1.308,1.264,1401708.0
2020-12-10,1.291,1.283,1.302,1.275,895159.0
2020-12-11,1.303,1.287,1.324,1.269,1038685.0
2020-12-14,1.25,1.211,1.269,1.201,1024538.0
2020-12-15,1.207,1.207,1.21,1.189,812155.0
2020-12-16,1.206,1.196,1.222,1.194,850991.0
2020-12-17,1.192,1.236,1.237,1.181,1285321.0
2020-12-18,1.255,1.31,1.318,1.255,1671089.0
2020-12-21,1.322,1.324,1.33,1.294,1207999.0
2020-12-22,1.304,1.251,1.319,1.248,936864.0
2020-12-23,1.241,1.283,1.296,1.24,863402.0
2020-12-24,1.289,1.299,1.305,1.262,801829.0
2020-12-25,1.291,1.334,1.346,1.275,1069557.0
2020-12-28,1.342,1.351,1.366,1.33,881079.0
2020-12-29,1.346,1.294,1.346,1.286,788063.0
2020-12-30,1.284,1.323,1.346,1.276,892422.0
2020-12-31,1.316,1.313,1.331,1.297,839991.0
2021-01-04,1.301,1.344,1.346,1.291,1059101.0
2021-01-05,1.353,1.307,1.353,1.283,1305537.0
2021-01-06,1.307,1.294,1.325,1.28,1119217.0
2021-01-07,1.296,1.317,1.341,1.289,1991071.0
2021-01-08,1.317,1.309,1.331,1.292,1192960.0
2021-01-11,1.3,1.249,1.3,1.245,1102650.0
2021-01-12,1.242,1.265,1.266,1.24,930067.0
2021-01-13,1.262,1.264,1.281,1.244,1106247.0
2021-01-14,1.254,1.232,1.26,1.231,830655.0
2021-01-15,1.241,1.261,1.263,1.239,1191579.0
2021-01-18,1.254,1.283,1.288,1.248,1037459.0
2021-01-19,1.28,1.281,1.312,1.272,986951.0
2021-01-20,1.28,1.279,1.285,1.259,694313.0
2021-01-21,1.274,1.315,1.322,1.274,1209425.0
2021-01-22,1.309,1.285,1.314,1.278,673621.0
2021-01-25,1.28,1.273,1.284,1.258,749099.0
2021-01-26,1.27,1.293,1.309,1.269,976275.0
2021-01-27,1.293,1.29,1.317,1.279,690236.0
2021-01-28,1.27,1.251,1.28,1.246,486377.0
2021-01-29,1.245,1.215,1.263,1.202,510219.0
2021-02-01,1.216,1.248,1.25,1.204,468962.0
2021-02-02,1.25,1.228,1.251,1.213,668435.36
2021-02-03,1.221,1.221,1.235,1.21,509112.0
2021-02-04,1.214,1.222,1.245,1.2,554057.0
2021-02-05,1.222,1.177,1.225,1.175,460728.0
2021-02-08,1.173,1.207,1.212,1.171,427227.0
2021-02-09,1.21,1.239,1.242,1.203,475463.0
2021-02-10,1.244,1.23,1.244,1.216,400537.0
2021-02-18,1.252,1.32,1.323,1.252,883580.0
2021-02-19,1.301,1.356,1.36,1.294,850961.0
2021-02-22,1.355,1.385,1.447,1.353,1052434.0
2021-02-23,1.357,1.333,1.365,1.325,903452.0
2021-02-24,1.327,1.324,1.355,1.304,755612.85
2021-02-25,1.335,1.325,1.355,1.318,625784.15
2021-02-26,1.295,1.278,1.305,1.27,588977.0
2021-03-01,1.281,1.311,1.312,1.28,478400.0
2021-03-02,1.309,1.33,1.359,1.309,592464.0
2021-03-03,1.33,1.401,1.408,1.314,839642.0
2021-03-04,1.373,1.378,1.387,1.359,862494.0
2021-03-05,1.358,1.348,1.365,1.336,578245.0
2021-03-08,1.357,1.342,1.38,1.341,673795.0
2021-03-09,1.33,1.325,1.356,1.287,666055.88
2021-03-10,1.324,1.342,1.354,1.32,578591.0
2021-03-11,1.34,1.371,1.376,1.327,728451.0
2021-03-12,1.37,1.39,1.418,1.354,980204.0
2021-03-15,1.375,1.42,1.424,1.372,1001654.12
2021-03-16,1.4,1.385,1.41,1.359,707585.0
2021-03-17,1.382,1.393,1.394,1.35,883034.0
2021-03-18,1.388,1.376,1.39,1.371,669295.93
2021-03-19,1.359,1.359,1.398,1.35,685090.0
2021-03-22,1.351,1.371,1.377,1.348,690616.0
2021-03-23,1.368,1.316,1.371,1.308,665987.0
2021-03-24,1.302,1.289,1.313,1.277,598931.12
2021-03-25,1.276,1.317,1.329,1.276,570643.17
2021-03-26,1.317,1.32,1.322,1.28,519153.17
2021-03-29,1.344,1.381,1.395,1.342,761126.0
2021-03-30,1.372,1.362,1.372,1.343,732460.0
2021-03-31,1.354,1.357,1.369,1.347,495109.0
2021-04-01,1.356,1.362,1.368,1.334,698971.0
2021-04-02,1.358,1.347,1.362,1.341,585873.0
2021-04-06,1.348,1.359,1.368,1.345,750760.0
2021-04-07,1.359,1.384,1.385,1.352,779042.0
2021-04-08,1.394,1.385,1.412,1.37,1114212.0
2021-04-09,1.379,1.413,1.419,1.37,930193.0
2021-04-12,1.41,1.403,1.427,1.396,696473.0
2021-04-13,1.396,1.37,1.399,1.36,560213.0
2021-04-14,1.365,1.381,1.388,1.359,596956.0
2021-04-15,1.381,1.395,1.4,1.369,789265.0
2021-04-16,1.397,1.436,1.452,1.388,903979.0
2021-04-19,1.437,1.456,1.481,1.437,694870.0
2021-04-20,1.436,1.449,1.458,1.436,722849.0
2021-04-21,1.437,1.444,1.45,1.422,571155.0
2021-04-22,1.45,1.457,1.476,1.45,716558.0
2021-04-23,1.447,1.44,1.452,1.424,619547.0
2021-04-26,1.445,1.47,1.476,1.441,916501.0
2021-04-27,1.462,1.445,1.473,1.416,582299.0
2021-04-28,1.438,1.494,1.504,1.425,1069067.0
2021-04-29,1.492,1.51,1.514,1.469,758172.0
2021-04-30,1.5,1.462,1.5,1.453,664666.0
2021-05-06,1.476,1.54,1.549,1.476,779876.0
2021-05-07,1.543,1.612,1.627,1.541,774863.51
2021-05-10,1.633,1.71,1.721,1.628,1091434.99
2021-05-11,1.65,1.643,1.667,1.583,1552265.0
2021-05-12,1.628,1.661,1.686,1.628,1206889.0
2021-05-13,1.628,1.577,1.635,1.57,1012830.0
2021-05-14,1.568,1.559,1.602,1.54,825557.0
2021-05-17,1.554,1.558,1.58,1.544,1039333.0
2021-05-18,1.568,1.566,1.578,1.556,874270.0
2021-05-19,1.552,1.531,1.556,1.523,881258.0
2021-05-20,1.467,1.472,1.477,1.439,1148069.0
2021-05-21,1.459,1.496,1.511,1.459,1160200.0
2021-05-24,1.488,1.494,1.515,1.483,731194.0
2021-05-25,1.496,1.52,1.528,1.468,941389.0
2021-05-26,1.505,1.517,1.536,1.5,742038.0
2021-05-27,1.526,1.545,1.559,1.522,801453.0
2021-05-28,1.56,1.53,1.571,1.521,671858.0
2021-05-31,1.538,1.539,1.546,1.523,662280.0
2021-06-01,1.541,1.596,1.598,1.51,1133772.43
2021-06-02,1.589,1.598,1.622,1.58,1084382.0
2021-06-03,1.611,1.637,1.65,1.61,1028868.0
2021-06-04,1.587,1.6,1.609,1.561,954636.0
2021-06-07,1.591,1.624,1.651,1.591,776224.43
2021-06-08,1.619,1.611,1.633,1.597,505432.0
2021-06-09,1.621,1.681,1.705,1.609,1033719.0
2021-06-10,1.675,1.666,1.689,1.657,788544.0
2021-06-11,1.679,1.678,1.698,1.668,745170.0
2021-06-15,1.692,1.67,1.718,1.643,691580.0
2021-06-16,1.669,1.661,1.714,1.653,898516.0
2021-06-17,1.648,1.673,1.696,1.629,870231.95
2021-06-18,1.672,1.636,1.673,1.62,847313.44
2021-06-21,1.616,1.608,1.623,1.585,704419.0
2021-06-22,1.602,1.629,1.631,1.595,711987.0
2021-06-23,1.63,1.685,1.692,1.615,953589.44
2021-06-24,1.679,1.692,1.734,1.662,716624.0
2021-06-25,1.71,1.753,1.755,1.705,728165.0
2021-06-28,1.694,1.655,1.696,1.642,1464328.0
2021-06-29,1.64,1.622,1.65,1.619,912073.0
2021-06-30,1.62,1.635,1.649,1.62,683775.0
2021-07-01,1.63,1.606,1.639,1.598,695218.0
2021-07-02,1.591,1.593,1.611,1.587,546813.0
2021-07-05,1.609,1.632,1.633,1.597,729366.0
2021-07-06,1.636,1.633,1.642,1.615,601007.0
2021-07-07,1.612,1.609,1.618,1.591,692763.0
2021-07-08,1.606,1.542,1.606,1.535,985584.0
2021-07-09,1.542,1.576,1.58,1.54,994637.0
2021-07-12,1.576,1.589,1.605,1.575,773148.0
2021-07-13,1.595,1.657,1.663,1.586,1110839.0
2021-07-14,1.65,1.661,1.705,1.642,951132.0
2021-07-15,1.655,1.668,1.67,1.63,966623.0
2021-07-16,1.666,1.708,1.726,1.661,1049077.0
2021-07-19,1.726,1.707,1.753,1.702,791315.0
2021-07-20,1.675,1.726,1.728,1.65,772770.0
2021-07-21,1.73,1.715,1.739,1.693,850658.0
2021-07-22,1.71,1.731,1.74,1.695,837251.17
2021-07-23,1.731,1.754,1.805,1.731,1141441.17
2021-07-26,1.75,1.735,1.766,1.698,853191.0
2021-07-27,1.735,1.685,1.78,1.682,977646.0
2021-07-28,1.666,1.665,1.708,1.619,795684.0
2021-07-29,1.71,1.691,1.71,1.658,956538.0
2021-07-30,1.712,1.739,1.751,1.695,1138720.0
2021-08-02,1.66,1.682,1.686,1.635,1163271.0
2021-08-03,1.666,1.633,1.69,1.623,666981.05
2021-08-04,1.65,1.7,1.701,1.642,921366.05
2021-08-05,1.704,1.712,1.745,1.698,983212.0
2021-08-06,1.714,1.797,1.85,1.705,857002.0
2021-08-09,1.81,1.796,1.82,1.772,666893.98
2021-08-10,1.79,1.807,1.826,1.783,622304.0
2021-08-11,1.821,1.9,1.904,1.812,1042363.35
2021-08-12,1.894,1.923,1.941,1.862,1065359.84
2021-08-13,1.918,1.942,1.957,1.906,713695.0
2021-08-16,1.97,1.943,1.98,1.931,990184.25
2021-08-17,1.935,1.887,1.956,1.88,1376136.25
2021-08-18,1.89,1.889,1.918,1.862,584471.0
2021-08-19,1.873,1.856,1.877,1.825,925322.0
2021-08-20,1.85,1.835,1.86,1.807,735135.0
2021-08-23,1.88,1.908,1.913,1.878,1026071.0
2021-08-24,1.945,1.929,1.96,1.908,906356.0
2021-08-25,1.92,2.003,2.005,1.916,881847.0
2021-08-26,2.004,2.073,2.101,1.997,1105091.49
2021-08-27,2.02,2.076,2.089,1.987,1103222.76
2021-08-30,2.076,2.145,2.153,2.055,1134919.27
2021-08-31,2.157,2.259,2.275,2.109,1234962.48
2021-09-01,2.27,2.181,2.322,2.151,1573525.27
2021-09-02,2.156,2.29,2.301,2.154,1537961.5
2021-09-03,2.273,2.215,2.287,2.061,1328725.0
2021-09-06,2.256,2.27,2.309,2.218,1300560.49
2021-09-07,2.294,2.405,2.415,2.276,1478451.61
2021-09-08,2.387,2.473,2.511,2.362,1592484.0
2021-09-09,2.487,2.635,2.668,2.432,1852739.82
2021-09-10,2.59,2.516,2.615,2.51,2586541.4
2021-09-13,2.515,2.643,2.675,2.515,2450568.57
2021-09-14,2.566,2.572,2.656,2.528,1916162.87
2021-09-15,2.562,2.579,2.638,2.514,1652112.0
2021-09-16,2.675,2.6,2.721,2.582,1905370.48
2021-09-17,2.518,2.428,2.638,2.382,2117590.86
2021-09-22,2.416,2.573,2.575,2.406,1711395.56
2021-09-23,2.633,2.521,2.666,2.457,2261466.62
2021-09-24,2.46,2.339,2.487,2.335,2784017.88
2021-09-27,2.353,2.266,2.369,2.224,2199913.57
2021-09-28,2.271,2.354,2.366,2.27,2298474.23
2021-09-29,2.366,2.233,2.415,2.221,2077862.2
2021-09-30,2.223,2.33,2.333,2.208,1700278.28
2021-10-08,2.378,2.226,2.394,2.194,2178176.36
2021-10-11,2.255,2.31,2.317,2.203,1998535.0
2021-10-12,2.32,2.269,2.393,2.219,2162356.0
2021-10-13,2.25,2.147,2.26,2.09,2820495.0
2021-10-14,2.101,2.136,2.165,2.068,2248286.93
2021-10-15,2.136,2.227,2.236,2.12,2394181.48
2021-10-18,2.227,2.368,2.373,2.217,2470029.69
2021-10-19,2.385,2.368,2.44,2.332,2053262.89
2021-10-20,2.133,2.179,2.194,2.133,2557404.0
2021-10-21,2.15,2.27,2.32,2.15,2409382.62
2021-10-22,2.22,2.147,2.285,2.134,2125882.99
2021-10-25,2.152,2.193,2.222,2.114,1636946.99
2021-10-26,2.187,2.2,2.239,2.161,1389941.68
2021-10-27,2.153,2.109,2.174,2.1,1656452.0
2021-10-28,2.028,1.963,2.108,1.926,3417001.71
2021-10-29,1.963,1.949,1.981,1.931,1652655.88
2021-11-01,1.931,1.979,1.998,1.923,1765577.88
2021-11-02,1.985,1.916,1.997,1.868,1989075.0
2021-11-03,1.93,1.995,2.006,1.913,2311662.45
2021-11-04,1.958,1.971,1.973,1.927,1578531.0
2021-11-05,1.947,1.887,1.947,1.882,2018509.0
2021-11-08,1.892,1.893,1.92,1.886,1109030.0
2021-11-09,1.876,1.873,1.891,1.853,1239121.0
2021-11-10,1.845,1.826,1.85,1.787,1630354.73
2021-11-11,1.829,1.852,1.853,1.819,1417006.84
2021-11-12,1.831,1.817,1.843,1.816,1104368.0
2021-11-15,1.799,1.794,1.811,1.785,1138528.3
2021-11-16,1.794,1.765,1.797,1.764,1224586.9
2021-11-17,1.771,1.781,1.785,1.761,1332216.35
2021-11-18,1.811,1.805,1.839,1.801,2004327.14
2021-11-19,1.792,1.853,1.854,1.776,1900955.72
2021-11-22,1.865,1.865,1.894,1.852,1316363.58
2021-11-23,1.865,1.892,1.909,1.851,1439117.95
2021-11-24,1.912,1.937,1.94,1.901,2058118.88
2021-11-25,1.943,1.906,1.951,1.9,1296311.88
2021-11-26,1.88,1.866,1.895,1.854,1275520.15
2021-11-29,1.837,1.848,1.849,1.804,1123894.17
2021-11-30,1.851,1.85,1.881,1.835,1063389.87
2021-12-01,1.849,1.918,1.919,1.838,1469321.13
2021-12-02,1.907,1.939,1.945,1.9,1260922.6
2021-12-03,1.927,2.015,2.036,1.901,2134813.39
2021-12-06,2.01,1.994,2.049,1.986,1671204.82
2021-12-07,2.014,2.014,2.016,1.965,1181040.0
2021-12-08,2.014,2.001,2.015,1.981,1244567.0
2021-12-09,1.999,1.99,2.016,1.983,1310050.44
2021-12-10,1.987,1.964,1.992,1.958,1015785.12
2021-12-13,1.974,1.997,2.006,1.972,1487999.08
2021-12-14,1.99,1.952,1.991,1.947,1107201.08
2021-12-15,1.952,1.978,1.998,1.946,1331761.06
2021-12-16,1.997,2.119,2.12,1.993,2850244.37
2021-12-17,2.154,2.067,2.161,2.064,2779742.79
2021-12-20,2.064,2.019,2.084,2.011,1138641.4
2021-12-21,2.019,2.046,2.06,2.001,1340761.4
2021-12-22,2.049,2.058,2.065,2.016,901528.11
2021-12-23,2.059,2.107,2.122,2.042,1309265.94
2021-12-24,2.103,2.063,2.114,2.061,1115644.18
2021-12-27,1.981,2.003,2.028,1.975,1351058.0
2021-12-28,2.0,1.937,2.0,1.915,2619331.02
2021-12-29,1.93,1.92,1.952,1.914,876621.0
2021-12-30,1.918,1.91,1.918,1.894,951753.02
2021-12-31,1.898,1.895,1.909,1.886,1088574.0
2022-01-04,1.947,1.929,1.969,1.92,1789784.0
2022-01-05,1.91,1.897,1.92,1.876,957159.52
2022-01-06,1.888,1.904,1.918,1.881,1104314.0
2022-01-07,1.894,1.899,1.927,1.89,987837.94
2022-01-10,1.905,1.939,1.94,1.898,1226005.27
2022-01-11,1.919,1.912,1.927,1.902,1004214.9
2022-01-12,1.913,1.917,1.919,1.889,858998.86
2022-01-13,1.921,1.944,1.978,1.921,1497223.11
2022-01-14,1.914,1.875,1.917,1.834,1238440.0
2022-01-17,1.886,1.894,1.904,1.869,740761.46
2022-01-18,1.896,1.941,1.953,1.883,1105774.58
2022-01-19,1.96,1.945,1.99,1.939,1245835.0
2022-01-20,1.944,1.938,1.949,1.909,1014930.71
2022-01-21,1.946,1.981,1.987,1.941,1074878.9
2022-01-24,1.967,1.97,1.979,1.927,880449.11
2022-01-25,1.953,1.878,1.955,1.874,1002278.31
2022-01-26,1.874,1.876,1.889,1.841,738075.0
2022-01-27,1.875,1.862,1.914,1.86,845735.48
2022-01-28,1.864,1.801,1.874,1.782,951268.74
2022-02-07,1.831,1.879,1.887,1.828,948016.0
2022-02-08,1.922,1.986,1.987,1.919,1135311.27
2022-02-09,1.967,1.989,2.017,1.909,1115973.26
2022-02-10,1.94,2.029,2.033,1.933,1316186.37
2022-02-11,2.029,2.05,2.09,2.011,1185659.4
2022-02-14,2.048,2.025,2.076,2.019,1122889.2
2022-02-15,2.007,1.994,2.011,1.98,846284.53
2022-02-16,1.995,2.019,2.022,1.984,851825.0
2022-02-17,2.012,2.027,2.039,1.989,987366.96
2022-02-18,2.035,2.103,2.115,2.026,1071015.96
2022-02-21,2.105,2.154,2.158,2.098,1472603.56
2022-02-22,2.15,2.155,2.176,2.11,1390400.56
2022-02-23,2.152,2.131,2.152,2.094,1189789.56
2022-02-24,2.106,2.101,2.14,2.07,1180173.0
2022-02-25,2.088,2.061,2.137,2.007,1723183.0
2022-02-28,2.047,2.102,2.103,2.039,946397.32
2022-03-01,2.11,2.149,2.156,2.085,1145950.0
2022-03-02,2.167,2.201,2.204,2.16,1264278.82
2022-03-03,2.206,2.253,2.274,2.206,1454575.55
2022-03-04,2.233,2.257,2.315,2.204,1258807.98
2022-03-07,2.328,2.262,2.35,2.24,1236776.55
2022-03-08,2.224,2.13,2.254,2.125,1223842.55
2022-03-09,2.13,2.203,2.218,2.075,1699627.55
2022-03-10,2.158,2.187,2.218,2.099,1864236.0
2022-03-11,2.175,2.183,2.226,2.125,1878268.9
2022-03-14,2.137,2.1,2.223,2.098,1135669.0
2022-03-15,2.07,1.925,2.077,1.919,2043605.27
2022-03-16,1.946,1.974,1.994,1.886,1498034.27
2022-03-17,1.985,2.018,2.041,1.946,1186935.27
2022-03-18,2.028,2.12,2.124,2.028,1321790.28
2022-03-21,2.108,2.17,2.189,2.096,1337553.88
2022-03-22,2.161,2.239,2.24,2.148,1325844.58
2022-03-23,2.23,2.228,2.257,2.178,1393767.5
2022-03-24,2.236,2.244,2.286,2.227,1238183.24
2022-03-25,2.224,2.233,2.277,2.204,1099311.48
2022-03-28,2.24,2.294,2.313,2.22,1112747.52
2022-03-29,2.269,2.325,2.347,2.263,1137855.52
2022-03-30,2.3,2.261,2.331,2.236,1468187.25
2022-03-31,2.27,2.316,2.317,2.248,1547303.45
2022-04-01,2.287,2.297,2.336,2.265,1214672.0
2022-04-06,2.287,2.27,2.302,2.206,1403341.0
2022-04-07,2.246,2.282,2.316,2.246,1189953.0
2022-04-08,2.281,2.309,2.326,2.251,1126057.0
2022-04-11,2.28,2.267,2.317,2.256,1203082.0
2022-04-12,2.278,2.283,2.328,2.251,1114153.0
2022-04-13,2.279,2.378,2.4,2.273,1232367.0
2022-04-14,2.378,2.507,2.511,2.34,1365336.0
2022-04-15,2.545,2.438,2.621,2.416,2203976.0
2022-04-18,2.365,2.346,2.42,2.339,1527721.0
2022-04-19,2.352,2.412,2.415,2.317,1428514.0
2022-04-20,2.378,2.281,2.397,2.274,2152601.0
2022-04-21,2.279,2.243,2.322,2.218,1556198.0
2022-04-22,2.2,2.245,2.28,2.181,986021.0
2022-04-25,2.189,2.098,2.19,2.088,1468438.0
2022-04-26,2.092,1.999,2.097,1.992,1572639.0
2022-04-27,1.97,2.089,2.092,1.97,1645169.0
2022-04-28,2.108,2.192,2.217,2.102,1769714.0
2022-04-29,2.206,2.21,2.218,2.126,1517365.0
2022-05-05,2.222,2.184,2.23,2.16,1371647.0
2022-05-06,2.139,2.141,2.204,2.122,1624146.0
2022-05-09,2.101,2.111,2.114,2.047,1018908.0
2022-05-10,2.064,2.056,2.07,2.005,1756850.0
2022-05-11,2.041,2.12,2.126,2.039,1557450.0
2022-05-12,2.133,2.063,2.146,2.05,1718927.0
2022-05-13,2.07,2.128,2.132,2.059,1548972.0
2022-05-16,2.144,2.192,2.195,2.126,1170343.0
2022-05-17,2.192,2.219,2.228,2.171,1176653.0
2022-05-18,2.201,2.185,2.218,2.175,960218.0
2022-05-19,2.149,2.194,2.195,2.117,1005925.0
2022-05-20,2.192,2.295,2.296,2.191,1433180.0
2022-05-23,2.298,2.313,2.357,2.28,1609640.0
2022-05-24,2.301,2.299,2.382,2.291,1809010.0
2022-05-25,2.289,2.348,2.358,2.268,1584210.0
2022-05-26,2.349,2.424,2.44,2.33,1554074.0
2022-05-27,2.428,2.452,2.48,2.4,1624482.0
2022-05-30,2.452,2.426,2.461,2.385,1336249.0
2022-05-31,2.425,2.411,2.43,2.374,1149453.0
2022-06-01,2.405,2.455,2.463,2.384,1300641.0
2022-06-02,2.443,2.389,2.443,2.377,1312333.0
2022-06-06,2.391,2.47,2.475,2.391,1391658.0
2022-06-07,2.457,2.472,2.517,2.424,1605484.0
2022-06-08,2.482,2.606,2.609,2.482,2095784.0
2022-06-09,2.595,2.608,2.676,2.564,1836314.0
2022-06-10,2.57,2.649,2.67,2.56,1439744.0
2022-06-13,2.616,2.619,2.663,2.563,1840344.0
2022-06-14,2.581,2.688,2.69,2.572,1485174.0
2022-06-15,2.688,2.612,2.7,2.608,1426832.0
2022-06-16,2.612,2.512,2.629,2.475,2427078.0
2022-06-17,2.48,2.505,2.519,2.46,2512814.0
2022-06-20,2.44,2.359,2.449,2.348,2695255.0
2022-06-21,2.342,2.36,2.393,2.338,1759387.0
2022-06-22,2.379,2.312,2.39,2.305,1759684.0
2022-06-23,2.302,2.369,2.369,2.275,2146961.0
2022-06-24,2.359,2.356,2.399,2.33,2164400.0
2022-06-27,2.357,2.466,2.47,2.35,2804139.0
2022-06-28,2.475,2.517,2.518,2.463,1711206.0
2022-06-29,2.51,2.487,2.559,2.484,1895724.0
2022-06-30,2.469,2.492,2.505,2.455,1183590.0
2022-07-01,2.46,2.49,2.509,2.401,1929144.0
2022-07-04,2.481,2.479,2.528,2.458,1271564.0
2022-07-05,2.5,2.586,2.588,2.498,2506600.0
2022-07-06,2.51,2.424,2.528,2.393,3187830.0
2022-07-07,2.405,2.441,2.451,2.365,1591242.0
2022-07-08,2.473,2.412,2.485,2.407,1646228.0
2022-07-11,2.382,2.348,2.383,2.328,1519247.0
2022-07-12,2.353,2.36,2.386,2.346,1405088.0
2022-07-13,2.34,2.36,2.365,2.316,1395766.0
2022-07-14,2.36,2.36,2.39,2.336,1168659.0
2022-07-15,2.361,2.342,2.436,2.339,1709116.0
2022-07-18,2.358,2.448,2.45,2.358,1964094.0
2022-07-19,2.457,2.439,2.457,2.414,1341203.0
2022-07-20,2.435,2.43,2.455,2.422,937126.0
2022-07-21,2.419,2.349,2.419,2.347,1706731.0
2022-07-22,2.345,2.321,2.36,2.313,1379135.0
2022-07-25,2.334,2.34,2.371,2.326,1263922.0
2022-07-26,2.339,2.379,2.392,2.322,1426573.0
2022-07-27,2.373,2.388,2.403,2.361,924665.0
2022-07-28,2.408,2.439,2.44,2.392,1827008.0
2022-07-29,2.44,2.375,2.457,2.374,1444316.0
2022-08-01,2.371,2.416,2.426,2.358,1333532.0
2022-08-02,2.38,2.342,2.382,2.315,1426610.0
2022-08-03,2.343,2.323,2.375,2.313,1384807.0
2022-08-04,2.32,2.308,2.333,2.269,1692792.0
2022-08-05,2.305,2.288,2.318,2.249,1736994.0
2022-08-08,2.282,2.36,2.366,2.263,1640567.0
2022-08-09,2.36,2.435,2.445,2.35,1994015.0
2022-08-10,2.419,2.405,2.454,2.387,1552891.0
2022-08-11,2.41,2.419,2.434,2.389,1079194.0
2022-08-12,2.429,2.478,2.49,2.429,1382897.0
2022-08-15,2.481,2.523,2.554,2.481,1754626.0
2022-08-16,2.518,2.53,2.547,2.485,1152659.0
2022-08-17,2.534,2.527,2.564,2.515,939487.0
2022-08-18,2.513,2.494,2.55,2.481,990760.0
2022-08-19,2.506,2.541,2.56,2.494,1401314.0
2022-08-22,2.552,2.601,2.609,2.542,1750985.0
2022-08-23,2.602,2.662,2.685,2.57,1795439.0
2022-08-24,2.678,2.645,2.698,2.632,1521008.0
2022-08-25,2.655,2.792,2.798,2.64,2002726.0
2022-08-26,2.754,2.718,2.77,2.7,1843112.0
2022-08-29,2.685,2.769,2.775,2.632,1870512.0
2022-08-30,2.747,2.624,2.75,2.607,2320216.0
2022-08-31,2.6,2.559,2.638,2.554,1611832.0
2022-09-01,2.559,2.627,2.683,2.553,1658993.0
2022-09-02,2.616,2.6,2.642,2.574,1059088.0
2022-09-05,2.624,2.727,2.737,2.607,1920499.0
2022-09-06,2.731,2.784,2.797,2.705,1541106.0
2022-09-07,2.765,2.777,2.804,2.739,1343189.0
2022-09-08,2.74,2.733,2.773,2.692,1257450.0
2022-09-09,2.727,2.762,2.778,2.701,1070306.0
2022-09-13,2.763,2.722,2.771,2.696,1265530.0
2022-09-14,2.685,2.684,2.736,2.673,1108185.0
2022-09-15,2.722,2.695,2.775,2.638,1488879.0
2022-09-16,2.651,2.564,2.699,2.562,2037851.0
2022-09-19,2.55,2.576,2.627,2.54,1365603.0
2022-09-20,2.607,2.614,2.655,2.568,1157233.0
2022-09-21,2.593,2.64,2.658,2.593,953259.0
2022-09-22,2.625,2.718,2.728,2.618,1655355.0
2022-09-23,2.695,2.657,2.733,2.65,1327992.0
2022-09-26,2.61,2.578,2.656,2.564,1130091.0
2022-09-27,2.586,2.568,2.604,2.484,1632006.0
2022-09-28,2.57,2.536,2.595,2.534,1249015.0
2022-09-29,2.565,2.594,2.624,2.555,1383825.0
2022-09-30,2.589,2.597,2.633,2.574,1233384.0
2022-10-10,2.641,2.639,2.696,2.61,1754564.0
2022-10-11,2.622,2.619,2.641,2.563,1364486.0
2022-10-12,2.594,2.632,2.636,2.561,979902.0
2022-10-13,2.622,2.52,2.622,2.508,1656385.0
2022-10-14,2.532,2.54,2.551,2.51,1330475.0
2022-10-17,2.516,2.508,2.516,2.427,1543784.0
2022-10-18,2.51,2.513,2.543,2.489,1388737.0
2022-10-19,2.499,2.511,2.554,2.465,1420422.0
2022-10-20,2.5,2.461,2.5,2.446,1847990.0
2022-10-21,2.466,2.469,2.501,2.448,1121909.0
2022-10-24,2.477,2.416,2.49,2.401,1284518.0
2022-10-25,2.407,2.389,2.415,2.351,1169931.0
2022-10-26,2.377,2.367,2.401,2.335,1407012.0
2022-10-27,2.374,2.372,2.412,2.361,1121244.0
2022-10-28,2.36,2.361,2.406,2.331,1404013.0
2022-10-31,2.337,2.274,2.366,2.257,1417877.0
2022-11-01,2.265,2.287,2.291,2.223,1711572.0
2022-11-02,2.277,2.318,2.329,2.262,1999994.0
2022-11-03,2.298,2.303,2.329,2.277,1610293.0
2022-11-04,2.3,2.391,2.401,2.3,1652670.0
2022-11-07,2.392,2.43,2.453,2.391,1277658.0
2022-11-08,2.439,2.42,2.46,2.405,1271303.0
2022-11-09,2.41,2.383,2.43,2.382,770411.0
2022-11-10,2.36,2.384,2.391,2.327,899657.0
2022-11-11,2.423,2.435,2.446,2.39,1420549.0
2022-11-14,2.432,2.373,2.493,2.363,1743958.0
2022-11-15,2.353,2.395,2.397,2.338,993165.0
2022-11-16,2.395,2.407,2.421,2.39,1226829.0
2022-11-17,2.396,2.322,2.396,2.299,1259678.0
2022-11-18,2.318,2.292,2.318,2.289,1085336.0
2022-11-21,2.271,2.282,2.283,2.25,1074578.0
2022-11-22,2.281,2.29,2.315,2.277,1155552.0
2022-11-23,2.295,2.318,2.33,2.295,1493398.0
2022-11-24,2.321,2.336,2.355,2.302,1433859.0
2022-11-25,2.336,2.391,2.392,2.313,2052997.0
2022-11-28,2.368,2.358,2.385,2.337,1635321.0
2022-11-29,2.363,2.399,2.403,2.359,1495634.0
2022-11-30,2.399,2.43,2.458,2.39,1780468.0
2022-12-01,2.445,2.406,2.456,2.394,2113857.0
2022-12-02,2.398,2.376,2.404,2.361,1418303.0
2022-12-05,2.382,2.415,2.42,2.382,1240226.0
2022-12-06,2.404,2.412,2.419,2.37,1161464.0
2022-12-07,2.405,2.363,2.417,2.351,1415456.0
2022-12-08,2.355,2.358,2.371,2.34,779814.0
2022-12-09,2.359,2.371,2.372,2.346,847560.0
2022-12-12,2.359,2.313,2.4,2.309,1111008.0
2022-12-13,2.304,2.323,2.342,2.304,810131.0
2022-12-14,2.326,2.344,2.35,2.315,1042090.0
2022-12-15,2.338,2.299,2.343,2.286,1023798.0
2022-12-16,2.288,2.304,2.325,2.281,776607.0
2022-12-19,2.296,2.249,2.3,2.235,1074300.0
2022-12-20,2.245,2.235,2.253,2.216,972993.0
2022-12-21,2.236,2.223,2.245,2.214,767415.0
2022-12-22,2.228,2.172,2.24,2.167,1278000.0
2022-12-23,2.16,2.175,2.177,2.142,782527.0
2022-12-26,2.166,2.187,2.188,2.162,642403.0
2022-12-27,2.161,2.19,2.19,2.155,794225.0
2022-12-28,2.176,2.174,2.193,2.163,679546.0
2022-12-29,2.164,2.126,2.164,2.12,887243.0
2022-12-30,2.13,2.129,2.143,2.124,536349.0
2023-01-03,2.12,2.144,2.144,2.108,729979.0
2023-01-04,2.139,2.097,2.139,2.085,1281597.0
2023-01-05,2.094,2.104,2.105,2.084,1105234.0
2023-01-06,2.101,2.13,2.133,2.096,980370.0
2023-01-09,2.139,2.148,2.152,2.113,1334517.0
2023-01-10,2.146,2.125,2.147,2.112,945192.0
2023-01-11,2.131,2.217,2.219,2.127,1930511.0
2023-01-12,2.208,2.209,2.215,2.177,1587075.0
2023-01-13,2.199,2.205,2.239,2.188,971392.0
2023-01-16,2.202,2.21,2.214,2.185,1194970.0
2023-01-17,2.209,2.188,2.209,2.18,887664.0
2023-01-18,2.188,2.207,2.228,2.188,1441732.0
2023-01-19,2.222,2.228,2.249,2.21,1392409.0
2023-01-20,2.232,2.267,2.27,2.232,1169761.0
2023-01-30,2.27,2.238,2.278,2.23,1340835.0
2023-01-31,2.23,2.248,2.253,2.222,1019942.0
2023-02-01,2.244,2.255,2.255,2.23,1187610.0
2023-02-02,2.255,2.268,2.279,2.234,1241048.0
2023-02-03,2.26,2.24,2.26,2.22,1204880.0
2023-02-06,2.222,2.24,2.242,2.218,889811.0
2023-02-07,2.234,2.238,2.261,2.23,739324.0
2023-02-08,2.245,2.224,2.249,2.22,679542.0
2023-02-09,2.22,2.231,2.234,2.213,607645.0
2023-02-10,2.227,2.201,2.227,2.194,923571.0
2023-02-13,2.199,2.194,2.199,2.168,928746.0
2023-02-14,2.193,2.207,2.218,2.186,820837.0
2023-02-15,2.207,2.184,2.216,2.183,700578.0
2023-02-16,2.188,2.152,2.199,2.14,845855.0
2023-02-17,2.151,2.197,2.209,2.151,1160077.0
2023-02-20,2.203,2.25,2.253,2.203,1796261.0
2023-02-21,2.263,2.31,2.323,2.25,1719980.0
2023-02-22,2.304,2.322,2.337,2.286,1454425.0
2023-02-23,2.38,2.337,2.39,2.326,1683967.0
2023-02-24,2.326,2.327,2.345,2.303,979248.0
2023-02-27,2.328,2.34,2.373,2.328,1080138.0
2023-02-28,2.329,2.318,2.336,2.303,993187.0
2023-03-01,2.317,2.325,2.334,2.307,846010.0
2023-03-02,2.329,2.328,2.35,2.316,1118665.0
2023-03-03,2.327,2.33,2.339,2.308,917622.0
2023-03-06,2.318,2.278,2.328,2.265,1292648.0
2023-03-07,2.276,2.285,2.329,2.276,1461281.0
2023-03-08,2.282,2.272,2.282,2.252,916786.0
2023-03-09,2.265,2.26,2.298,2.256,732609.0
2023-03-10,2.259,2.214,2.261,2.21,860574.0
2023-03-13,2.207,2.237,2.238,2.2,796877.0
2023-03-14,2.235,2.201,2.25,2.196,921517.0
2023-03-15,2.214,2.206,2.216,2.192,588805.0
2023-03-16,2.186,2.132,2.186,2.129,992145.0
2023-03-17,2.14,2.148,2.172,2.136,996477.0
2023-03-20,2.15,2.138,2.169,2.133,728808.0
2023-03-21,2.15,2.142,2.15,2.12,592890.0
2023-03-22,2.143,2.152,2.173,2.143,950268.0
2023-03-23,2.151,2.174,2.175,2.142,891892.0
2023-03-24,2.177,2.154,2.178,2.143,970294.0
2023-03-27,2.157,2.173,2.178,2.13,829804.0
2023-03-28,2.182,2.159,2.186,2.155,627789.0
2023-03-29,2.165,2.15,2.167,2.146,632692.0
2023-03-30,2.154,2.215,2.216,2.139,1337507.0
2023-03-31,2.21,2.21,2.22,2.197,642173.0
2023-04-03,2.218,2.213,2.235,2.205,772952.0
2023-04-04,2.206,2.214,2.224,2.188,708933.0
2023-04-06,2.208,2.174,2.208,2.166,874885.0
2023-04-07,2.173,2.165,2.181,2.16,635228.0
2023-04-10,2.164,2.14,2.164,2.136,881396.0
2023-04-11,2.139,2.132,2.141,2.12,816034.0
2023-04-12,2.132,2.149,2.158,2.131,1102124.0
2023-04-13,2.148,2.136,2.159,2.134,793372.0
2023-04-14,2.144,2.145,2.149,2.129,618238.0
2023-04-17,2.145,2.191,2.195,2.137,1615763.0
2023-04-18,2.19,2.256,2.262,2.188,1429001.0
2023-04-19,2.242,2.228,2.248,2.225,849718.0
2023-04-20,2.214,2.213,2.221,2.187,1022561.0
2023-04-21,2.209,2.177,2.213,2.173,816493.0
2023-04-24,2.176,2.147,2.188,2.14,824837.0
2023-04-25,2.148,2.122,2.163,2.095,1238598.0
2023-04-26,2.115,2.15,2.154,2.103,939052.0
2023-04-27,2.168,2.147,2.178,2.119,546151.0
2023-04-28,2.146,2.17,2.174,2.132,689235.0
2023-05-04,2.148,2.175,2.177,2.118,704751.0
2023-05-05,2.166,2.165,2.191,2.143,801101.0
2023-05-08,2.171,2.237,2.242,2.168,1735209.0
2023-05-09,2.244,2.231,2.279,2.23,1312949.0
2023-05-10,2.227,2.217,2.235,2.201,926301.0
2023-05-11,2.218,2.229,2.242,2.193,1152485.0
2023-05-12,2.223,2.193,2.23,2.189,698070.0
2023-05-15,2.198,2.236,2.237,2.179,818420.0
2023-05-16,2.235,2.23,2.264,2.223,806714.0
2023-05-17,2.225,2.212,2.229,2.203,601548.0
2023-05-18,2.219,2.224,2.241,2.216,2688961.0
2023-05-19,2.207,2.206,2.223,2.19,546061.0
2023-05-22,2.195,2.186,2.206,2.18,2381006.0
2023-05-23,2.187,2.169,2.198,2.167,547155.0
2023-05-24,2.161,2.139,2.164,2.135,609797.0
2023-05-25,2.137,2.113,2.139,2.088,1444973.0
2023-05-26,2.104,2.064,2.104,2.048,1674380.0
2023-05-29,2.066,2.059,2.067,2.034,1148424.0
2023-05-30,2.05,2.055,2.066,2.037,793861.0
2023-05-31,2.045,1.991,2.045,1.982,1153240.0
2023-06-01,1.987,1.989,2.008,1.98,723426.0
2023-06-02,1.991,2.016,2.02,1.991,855878.0
2023-06-05,2.016,2.023,2.027,2.01,546836.0
2023-06-06,2.024,2.03,2.057,2.015,924117.0
2023-06-07,2.029,2.009,2.029,1.995,1038261.0
2023-06-08,2.009,2.032,2.037,2.007,1691393.0
2023-06-09,2.038,2.03,2.045,2.021,564195.0
2023-06-12,2.026,2.042,2.046,2.02,388799.0
2023-06-13,2.035,2.02,2.04,2.01,631056.0
2023-06-14,2.021,2.015,2.032,2.013,593460.0
2023-06-15,2.024,2.037,2.038,2.003,759574.0
2023-06-16,2.035,2.04,2.054,2.03,1314904.0
2023-06-19,2.044,2.037,2.059,2.033,519486.0
2023-06-20,2.03,2.016,2.035,2.01,700988.0
2023-06-21,2.012,1.993,2.015,1.992,1509933.0
2023-06-26,1.99,1.976,1.991,1.971,537802.0
2023-06-27,1.979,2.016,2.018,1.975,691654.0
2023-06-28,2.016,2.064,2.072,2.014,1082279.0
2023-06-29,2.057,2.035,2.057,2.031,594375.0
2023-06-30,2.035,2.064,2.069,2.032,579224.0
2023-07-03,2.064,2.107,2.109,2.062,662179.0
2023-07-04,2.106,2.104,2.115,2.09,547981.0
2023-07-05,2.109,2.121,2.127,2.099,693569.0
2023-07-06,2.122,2.119,2.128,2.105,543215.0
2023-07-07,2.116,2.137,2.142,2.113,685530.0
2023-07-10,2.149,2.141,2.155,2.134,934252.0
2023-07-11,2.141,2.122,2.144,2.109,566553.0
2023-07-12,2.124,2.12,2.135,2.108,595217.0
2023-07-13,2.123,2.131,2.139,2.116,554091.0
2023-07-14,2.129,2.142,2.146,2.125,490522.0
2023-07-17,2.135,2.103,2.135,2.093,540233.0
2023-07-18,2.102,2.104,2.114,2.097,353367.0
2023-07-19,2.105,2.105,2.118,2.094,477150.0
2023-07-20,2.112,2.114,2.136,2.106,403513.0
2023-07-21,2.105,2.091,2.112,2.087,421964.0
2023-07-24,2.095,2.069,2.095,2.063,747567.0
2023-07-25,2.09,2.113,2.118,2.083,856774.0
2023-07-26,2.116,2.124,2.127,2.106,767866.0
2023-07-27,2.12,2.109,2.128,2.101,783579.0
2023-07-28,2.108,2.132,2.134,2.094,809745.0
2023-07-31,2.132,2.124,2.157,2.12,564550.0
2023-08-01,2.128,2.139,2.144,2.121,478131.0
2023-08-02,2.142,2.104,2.142,2.099,462828.0
2023-08-03,2.104,2.104,2.111,2.092,364523.0
2023-08-04,2.107,2.096,2.125,2.093,619657.0
2023-08-07,2.097,2.081,2.098,2.076,456154.0
2023-08-08,2.081,2.097,2.102,2.067,452345.0
2023-08-09,2.096,2.079,2.096,2.075,374812.0
2023-08-10,2.081,2.139,2.14,2.08,873419.0
2023-08-11,2.129,2.09,2.135,2.083,506651.0
2023-08-14,2.08,2.07,2.08,2.051,520378.0
2023-08-15,2.073,2.07,2.081,2.057,377330.0
2023-08-16,2.06,2.061,2.074,2.059,285142.0
2023-08-17,2.06,2.058,2.063,2.032,410842.0
2023-08-18,2.063,2.044,2.071,2.042,374343.0
2023-08-21,2.048,2.019,2.05,2.018,388725.0
2023-08-22,2.022,2.039,2.041,2.009,477943.0
2023-08-23,2.035,2.069,2.089,2.03,806460.0
2023-08-24,2.065,2.048,2.08,2.04,547887.0
2023-08-25,2.038,2.028,2.052,2.023,503066.0
2023-08-28,2.1,2.1,2.13,2.082,945925.0
2023-08-29,2.091,2.106,2.11,2.082,755890.0
2023-08-30,2.104,2.084,2.108,2.075,434440.0
2023-08-31,2.085,2.079,2.096,2.07,379397.0
2023-09-01,2.078,2.17,2.173,2.076,1631856.0
2023-09-04,2.183,2.237,2.249,2.183,1352039.0
2023-09-05,2.228,2.243,2.256,2.214,731334.0
2023-09-06,2.231,2.249,2.26,2.22,678115.0
2023-09-07,2.242,2.252,2.28,2.232,1039151.0
2023-09-08,2.229,2.21,2.245,2.209,702309.0
2023-09-11,2.211,2.226,2.269,2.211,628982.0
2023-09-12,2.233,2.222,2.254,2.219,502041.0
2023-09-13,2.224,2.244,2.266,2.22,678882.0
2023-09-14,2.242,2.323,2.334,2.239,2346979.0
2023-09-15,2.325,2.309,2.335,2.296,1118486.0
2023-09-18,2.312,2.324,2.326,2.289,647066.0
2023-09-19,2.327,2.329,2.359,2.321,890344.0
2023-09-20,2.319,2.315,2.336,2.306,539061.0
2023-09-21,2.304,2.296,2.319,2.289,736262.0
2023-09-22,2.289,2.285,2.305,2.263,788622.0
2023-09-25,2.276,2.29,2.315,2.276,736372.0
2023-09-26,2.276,2.262,2.284,2.26,421742.0
2023-09-27,2.259,2.247,2.269,2.244,492650.0
2023-09-28,2.281,2.273,2.287,2.261,585653.0
2023-10-09,2.265,2.298,2.303,2.233,582012.0
2023-10-10,2.289,2.252,2.289,2.248,884030.0
2023-10-11,2.25,2.228,2.258,2.219,543733.0
2023-10-12,2.22,2.228,2.241,2.22,423402.0
2023-10-13,2.218,2.237,2.248,2.208,394730.0
2023-10-16,2.239,2.268,2.269,2.238,602818.0
2023-10-17,2.265,2.276,2.277,2.24,507611.0
2023-10-18,2.272,2.26,2.286,2.255,451090.0
2023-10-19,2.246,2.227,2.256,2.218,409299.0
2023-10-20,2.227,2.216,2.233,2.211,270219.0
2023-10-23,2.207,2.185,2.218,2.168,337206.0
2023-10-24,2.189,2.208,2.214,2.177,407225.0
2023-10-25,2.229,2.237,2.267,2.229,460880.0
2023-10-26,2.231,2.202,2.231,2.17,344932.0
2023-10-27,2.184,2.196,2.21,2.183,433821.0
2023-10-30,2.183,2.174,2.206,2.169,684939.0
2023-10-31,2.17,2.197,2.205,2.164,458721.0
2023-11-01,2.19,2.184,2.195,2.171,357017.0
2023-11-02,2.185,2.181,2.194,2.177,340665.0
2023-11-03,2.188,2.19,2.209,2.182,392123.0
2023-11-06,2.191,2.158,2.199,2.149,738741.0
2023-11-07,2.15,2.174,2.176,2.148,530598.0
2023-11-08,2.155,2.16,2.168,2.15,541952.0
2023-11-09,2.162,2.23,2.238,2.16,969414.0
2023-11-10,2.224,2.257,2.259,2.208,1068054.0
2023-11-13,2.259,2.257,2.263,2.227,645702.0
2023-11-14,2.251,2.233,2.251,2.223,745532.0
2023-11-15,2.242,2.251,2.253,2.229,635025.0
2023-11-16,2.242,2.257,2.265,2.231,1064110.0
2023-11-17,2.253,2.249,2.26,2.236,539505.0
2023-11-20,2.255,2.243,2.257,2.232,370528.0
2023-11-21,2.242,2.252,2.28,2.241,546431.0
2023-11-22,2.248,2.248,2.265,2.236,361013.0
2023-11-23,2.245,2.281,2.282,2.239,449256.0
2023-11-24,2.277,2.311,2.32,2.271,645835.0
2023-11-27,2.323,2.345,2.355,2.319,1047207.0
2023-11-28,2.341,2.349,2.35,2.314,460916.0
2023-11-29,2.349,2.372,2.384,2.347,559373.0
2023-11-30,2.363,2.36,2.367,2.348,408248.0
2023-12-01,2.36,2.382,2.388,2.358,519952.0
2023-12-04,2.38,2.401,2.405,2.376,581001.0
2023-12-05,2.392,2.342,2.399,2.341,525294.0
2023-12-06,2.345,2.354,2.356,2.329,567216.0
2023-12-07,2.352,2.337,2.364,2.336,362872.0
2023-12-08,2.328,2.329,2.354,2.31,448091.0
2023-12-11,2.322,2.38,2.388,2.295,581602.0
2023-12-12,2.379,2.395,2.398,2.358,414947.0
2023-12-13,2.392,2.37,2.394,2.368,308855.0
2023-12-14,2.372,2.386,2.399,2.356,408900.0
2023-12-15,2.383,2.366,2.391,2.36,386479.0
2023-12-18,2.366,2.365,2.378,2.34,494293.0
2023-12-19,2.376,2.353,2.376,2.339,482093.0
2023-12-20,2.353,2.363,2.394,2.353,375667.0
2023-12-21,2.36,2.361,2.373,2.336,315856.0
2023-12-22,2.359,2.383,2.409,2.356,530220.0
2023-12-25,2.38,2.406,2.407,2.36,480903.0
2023-12-26,2.409,2.361,2.453,2.359,1643137.0
2023-12-27,2.363,2.387,2.394,2.35,634881.0
2023-12-28,2.338,2.297,2.343,2.285,599694.0
2023-12-29,2.289,2.313,2.316,2.285,411728.0
2024-01-02,2.31,2.393,2.405,2.309,747834.0
2024-01-03,2.392,2.423,2.437,2.38,694297.0
2024-01-04,2.424,2.446,2.456,2.421,761731.0
2024-01-05,2.446,2.44,2.468,2.428,774884.0
2024-01-08,2.437,2.419,2.438,2.385,449536.0
2024-01-09,2.416,2.454,2.462,2.394,500773.0
2024-01-10,2.446,2.425,2.465,2.42,493702.0
2024-01-11,2.42,2.393,2.42,2.377,697771.0
2024-01-12,2.388,2.405,2.412,2.378,523330.0
2024-01-15,2.391,2.405,2.407,2.381,301802.0
2024-01-16,2.402,2.4,2.411,2.38,486231.0
2024-01-17,2.4,2.363,2.418,2.36,373799.0
2024-01-18,2.353,2.353,2.364,2.286,761884.0
2024-01-19,2.35,2.316,2.35,2.3,555455.0
2024-01-22,2.313,2.243,2.313,2.228,470853.0
2024-01-23,2.241,2.284,2.3,2.224,593883.0
2024-01-24,2.288,2.348,2.349,2.288,640236.0
2024-01-25,2.348,2.427,2.43,2.348,537963.0
2024-01-26,2.416,2.453,2.456,2.405,467148.0
2024-01-29,2.447,2.442,2.463,2.429,499602.0
2024-01-30,2.43,2.427,2.453,2.404,696762.0
2024-01-31,2.408,2.425,2.456,2.395,564651.0
2024-02-01,2.42,2.378,2.422,2.374,478632.0
2024-02-02,2.385,2.372,2.407,2.32,455727.0
2024-02-05,2.365,2.375,2.402,2.32,388834.0
2024-02-06,2.371,2.392,2.408,2.336,613057.0
2024-02-07,2.385,2.455,2.456,2.363,474735.0
2024-02-08,2.45,2.468,2.481,2.44,382071.0
2024-02-19,2.46,2.585,2.588,2.44,477161.0
2024-02-20,2.58,2.593,2.61,2.55,611094.0
2024-02-21,2.582,2.584,2.615,2.569,462806.0
2024-02-22,2.577,2.713,2.721,2.565,748949.0
2024-02-23,2.713,2.675,2.716,2.66,1209089.0
2024-02-26,2.656,2.612,2.688,2.595,847041.0
2024-02-27,2.595,2.625,2.633,2.579,607833.0
2024-02-28,2.615,2.608,2.65,2.572,785906.0
2024-02-29,2.593,2.619,2.621,2.585,591822.0
2024-03-01,2.608,2.654,2.673,2.608,833325.0
2024-03-04,2.642,2.714,2.714,2.64,751318.0
2024-03-05,2.705,2.702,2.731,2.68,907268.0
2024-03-06,2.707,2.723,2.763,2.692,764422.0
2024-03-07,2.704,2.749,2.767,2.704,790554.0
2024-03-08,2.74,2.72,2.74,2.684,1257641.0
2024-03-11,2.716,2.64,2.716,2.61,1002487.0
2024-03-12,2.631,2.558,2.637,2.538,1490471.0
2024-03-13,2.546,2.542,2.546,2.499,1416771.0
2024-03-14,2.527,2.556,2.565,2.516,1327432.0
2024-03-15,2.55,2.52,2.55,2.475,1693629.0
2024-03-18,2.498,2.486,2.498,2.468,1997735.0
2024-03-19,2.477,2.516,2.552,2.477,1869865.0
2024-03-20,2.509,2.522,2.54,2.491,1160527.0
2024-03-21,2.5,2.514,2.529,2.472,1224666.0
2024-03-22,2.513,2.522,2.532,2.509,1093305.0
2024-03-25,2.5,2.502,2.551,2.478,1350582.0
2024-03-26,2.5,2.443,2.511,2.423,2049467.0
2024-03-27,2.438,2.43,2.466,2.427,824126.0
2024-03-28,2.431,2.442,2.454,2.409,892204.0
2024-03-29,2.438,2.486,2.49,2.422,828927.0
2024-04-01,2.477,2.469,2.477,2.428,893764.0
2024-04-02,2.458,2.478,2.501,2.45,945558.0
2024-04-03,2.475,2.544,2.547,2.468,1395473.0
2024-04-08,2.527,2.536,2.583,2.502,1298292.0
2024-04-09,2.532,2.538,2.555,2.509,986277.0
2024-04-10,2.537,2.576,2.593,2.528,1620996.0
2024-04-11,2.561,2.612,2.639,2.546,1109147.0
2024-04-12,1.3,1.297,1.31,1.29,1483571.0
2024-04-15,1.295,1.325,1.325,1.294,2181031.0
2024-04-16,1.325,1.317,1.34,1.301,3013290.0
2024-04-17,1.315,1.334,1.336,1.302,1748955.0
2024-04-18,1.332,1.333,1.359,1.325,3868630.0
2024-04-19,1.325,1.334,1.349,1.323,2288070.0
2024-04-22,1.325,1.273,1.339,1.271,2347089.0
2024-04-23,1.254,1.238,1.262,1.229,1989827.0
2024-04-24,1.237,1.231,1.242,1.22,1639589.0
2024-04-25,1.228,1.245,1.25,1.224,1734319.0
2024-04-26,1.237,1.233,1.251,1.225,2004239.0
2024-04-29,1.228,1.236,1.239,1.211,2758737.0
2024-04-30,1.231,1.244,1.252,1.228,1766193.0
2024-05-06,1.245,1.256,1.257,1.227,2845988.0
2024-05-07,1.253,1.266,1.267,1.249,1466872.0
2024-05-08,1.264,1.296,1.305,1.264,2803102.0
2024-05-09,1.29,1.296,1.305,1.283,1455955.0
2024-05-10,1.295,1.299,1.303,1.288,1251121.0
2024-05-13,1.294,1.284,1.295,1.27,2107862.0
2024-05-14,1.279,1.263,1.287,1.248,1546780.0
2024-05-15,1.258,1.268,1.279,1.254,1278968.0
2024-05-16,1.268,1.264,1.278,1.259,1077835.0
2024-05-17,1.262,1.273,1.274,1.255,775755.0
2024-05-20,1.272,1.317,1.322,1.272,2013644.0
2024-05-21,1.313,1.324,1.325,1.304,1231799.0
2024-05-22,1.326,1.324,1.348,1.321,1433039.0
2024-05-23,1.316,1.302,1.32,1.298,1138439.0
2024-05-24,1.295,1.299,1.322,1.295,856582.0
2024-05-27,1.306,1.328,1.344,1.3,2036601.0
2024-05-28,1.321,1.332,1.343,1.32,1078170.0
2024-05-29,1.328,1.347,1.354,1.322,1384926.0
2024-05-30,1.34,1.317,1.349,1.313,1124962.0
2024-05-31,1.325,1.326,1.334,1.319,902195.0
2024-06-03,1.325,1.318,1.325,1.307,1230833.0
2024-06-04,1.313,1.297,1.313,1.285,1087609.0
2024-06-05,1.295,1.283,1.306,1.282,835021.0
2024-06-06,1.282,1.298,1.31,1.281,1164963.0
2024-06-07,1.298,1.309,1.309,1.294,890617.0
2024-06-11,1.31,1.289,1.312,1.277,778219.0
2024-06-12,1.287,1.335,1.338,1.283,1631582.0
2024-06-13,1.327,1.318,1.336,1.307,927603.0
2024-06-14,1.318,1.307,1.323,1.302,1147280.0
2024-06-17,1.299,1.277,1.308,1.271,1177653.0
2024-06-18,1.275,1.278,1.281,1.263,804032.0
2024-06-19,1.274,1.274,1.292,1.271,1217934.0
2024-06-20,1.273,1.283,1.29,1.269,1246289.0
2024-06-21,1.276,1.271,1.285,1.262,635390.0
2024-06-24,1.268,1.24,1.271,1.233,844509.0
2024-06-25,1.24,1.237,1.246,1.23,1427506.0
2024-06-26,1.232,1.238,1.24,1.218,787971.0
2024-06-27,1.237,1.225,1.244,1.225,754385.0
2024-06-28,1.221,1.236,1.244,1.22,842122.0
2024-07-01,1.236,1.278,1.284,1.235,1342376.0
2024-07-02,1.276,1.271,1.286,1.256,854488.0
2024-07-03,1.268,1.252,1.275,1.248,772160.0
2024-07-04,1.249,1.24,1.261,1.236,730808.0
2024-07-05,1.234,1.236,1.243,1.221,888222.0
2024-07-08,1.234,1.221,1.234,1.218,654232.0
2024-07-09,1.22,1.23,1.232,1.207,762293.0
2024-07-10,1.223,1.174,1.223,1.172,2213351.0
2024-07-11,1.175,1.184,1.185,1.17,1208759.0
2024-07-12,1.18,1.158,1.19,1.151,2647626.0
2024-07-15,1.151,1.178,1.184,1.145,1427477.0
2024-07-16,1.172,1.177,1.178,1.168,652815.0
2024-07-17,1.176,1.158,1.177,1.152,1211000.0
2024-07-18,1.151,1.159,1.159,1.141,987047.0
2024-07-19,1.155,1.157,1.161,1.149,713110.0
2024-07-22,1.154,1.145,1.154,1.121,1596036.0
2024-07-23,1.136,1.124,1.143,1.122,811117.0
2024-07-24,1.12,1.116,1.124,1.1,1244755.0
2024-07-25,1.109,1.102,1.112,1.095,836635.0
2024-07-26,1.101,1.112,1.122,1.1,933488.0
2024-07-29,1.107,1.102,1.113,1.097,969335.0
2024-07-30,1.102,1.086,1.103,1.081,1967054.0
2024-07-31,1.084,1.122,1.123,1.082,1660538.0
2024-08-01,1.126,1.112,1.137,1.11,1149324.0
2024-08-02,1.106,1.104,1.112,1.096,681693.0
2024-08-05,1.098,1.094,1.108,1.087,806613.0
2024-08-06,1.094,1.1,1.108,1.091,881496.0
2024-08-07,1.1,1.115,1.122,1.092,1085028.0
2024-08-08,1.116,1.113,1.123,1.108,993062.0
2024-08-09,1.115,1.115,1.127,1.11,1201811.0
2024-08-12,1.109,1.123,1.128,1.103,954377.0
2024-08-13,1.121,1.117,1.126,1.108,668138.0
2024-08-14,1.115,1.101,1.115,1.1,623034.0
2024-08-15,1.1,1.126,1.134,1.098,1308258.0
2024-08-16,1.122,1.127,1.132,1.121,737443.0
2024-08-19,1.126,1.123,1.142,1.12,914598.0
2024-08-20,1.123,1.086,1.124,1.08,1493461.0
2024-08-21,1.081,1.081,1.092,1.063,1125360.0
2024-08-22,1.078,1.073,1.082,1.07,743245.0
2024-08-23,1.072,1.079,1.093,1.069,876555.0
2024-08-26,1.078,1.08,1.082,1.065,665931.0
2024-08-27,1.079,1.097,1.097,1.073,1129847.0
2024-08-28,1.095,1.096,1.108,1.091,999393.0
2024-08-29,1.095,1.096,1.102,1.083,710608.0
2024-08-30,1.092,1.107,1.12,1.087,1115112.0
2024-09-02,1.1,1.119,1.131,1.096,1632546.0
2024-09-03,1.113,1.107,1.129,1.099,1246174.0
2024-09-04,1.102,1.091,1.102,1.083,861991.0
2024-09-05,1.087,1.078,1.103,1.073,1136453.0
2024-09-06,1.074,1.057,1.076,1.056,1035355.0
2024-09-09,1.054,1.031,1.054,1.023,1066009.0
2024-09-10,1.028,1.031,1.043,1.022,982718.0
2024-09-11,1.013,1.016,1.025,1.004,1167258.0
2024-09-12,1.018,1.026,1.033,1.017,1203200.0
2024-09-13,1.027,1.017,1.034,1.016,1098144.0
2024-09-18,1.012,1.042,1.044,1.012,1086069.0
2024-09-19,1.044,1.051,1.056,1.027,1067302.0
2024-09-20,1.049,1.056,1.062,1.043,957565.0
2024-09-23,1.05,1.076,1.082,1.048,905194.0
2024-09-24,1.078,1.134,1.135,1.078,1665853.0
2024-09-25,1.155,1.14,1.171,1.137,2027919.0
2024-09-26,1.136,1.189,1.191,1.134,1357652.0
2024-09-27,1.21,1.239,1.24,1.191,1099618.0
2024-09-30,1.288,1.314,1.317,1.23,4269135.0
2024-10-08,1.44,1.293,1.44,1.238,5684045.0
2024-10-09,1.25,1.181,1.256,1.171,2735395.0
2024-10-10,1.181,1.255,1.284,1.181,4531242.0
2024-10-11,1.256,1.213,1.256,1.199,2454892.0
2024-10-14,1.214,1.237,1.246,1.203,1931438.0
2024-10-15,1.225,1.201,1.233,1.2,1522101.0
2024-10-16,1.195,1.195,1.21,1.184,1128726.0
2024-10-17,1.2,1.181,1.217,1.18,1105225.0
2024-10-18,1.178,1.2,1.215,1.171,2667293.0
2024-10-21,1.2,1.199,1.211,1.188,2157600.0
2024-10-22,1.202,1.205,1.206,1.189,2144868.0
2024-10-23,1.205,1.211,1.214,1.196,2897745.0
2024-10-24,1.209,1.201,1.209,1.196,1879642.0
2024-10-25,1.203,1.206,1.21,1.199,2327241.0
2024-10-28,1.206,1.233,1.234,1.205,3376226.0
2024-10-29,1.231,1.194,1.231,1.193,3319735.0
2024-10-30,1.189,1.184,1.199,1.177,1985209.0
2024-10-31,1.18,1.182,1.192,1.172,1882096.0
2024-11-01,1.182,1.196,1.205,1.181,2619988.0
2024-11-04,1.196,1.199,1.2,1.182,1656137.0
2024-11-05,1.199,1.221,1.222,1.19,3005759.0
2024-11-06,1.221,1.218,1.23,1.211,2318684.0
2024-11-07,1.211,1.251,1.252,1.208,3455987.0
2024-11-08,1.273,1.242,1.274,1.23,4415085.0
2024-11-11,1.236,1.228,1.237,1.211,2182204.0
2024-11-12,1.224,1.208,1.231,1.203,2196184.0
2024-11-13,1.201,1.214,1.216,1.2,1525623.0
2024-11-14,1.208,1.193,1.216,1.191,1529257.0
2024-11-15,1.192,1.191,1.205,1.184,3324008.0
2024-11-18,1.195,1.223,1.236,1.195,3536343.0
2024-11-19,1.223,1.216,1.223,1.195,2671676.0
2024-11-20,1.212,1.222,1.222,1.203,1854738.0
2024-11-21,1.217,1.221,1.227,1.214,1755235.0
2024-11-22,1.222,1.18,1.226,1.178,1909769.0
2024-11-25,1.18,1.173,1.186,1.164,1422973.0
2024-11-26,1.174,1.169,1.178,1.165,1104186.0
2024-11-27,1.166,1.179,1.18,1.148,1492402.0
2024-11-28,1.175,1.169,1.178,1.166,1111848.0
2024-11-29,1.167,1.175,1.18,1.161,1205403.0
2024-12-02,1.174,1.189,1.191,1.167,1290969.0
2024-12-03,1.189,1.198,1.199,1.181,1396428.0
2024-12-04,1.191,1.219,1.224,1.191,2194580.0
2024-12-05,1.216,1.219,1.223,1.211,1131136.0
2024-12-06,1.218,1.24,1.245,1.218,1942719.0
2024-12-09,1.247,1.243,1.257,1.235,1635825.0
2024-12-10,1.26,1.241,1.265,1.237,2183027.0
2024-12-11,1.236,1.261,1.262,1.234,1401548.0
2024-12-12,1.261,1.254,1.262,1.247,1083904.0
2024-12-13,1.244,1.221,1.247,1.216,1356135.0
2024-12-16,1.215,1.228,1.235,1.215,944889.0
2024-12-17,1.226,1.218,1.238,1.215,771072.0
2024-12-18,1.22,1.236,1.246,1.219,1202524.0
2024-12-19,1.227,1.209,1.229,1.202,1089198.0
2024-12-20,1.209,1.18,1.209,1.18,1621345.0
2024-12-23,1.176,1.166,1.182,1.166,1419413.0
2024-12-24,1.122,1.128,1.129,1.117,2122499.0
2024-12-25,1.128,1.135,1.137,1.119,1567551.0
2024-12-26,1.133,1.126,1.134,1.122,1101660.0
2024-12-27,1.127,1.126,1.127,1.117,1013169.0
2024-12-30,1.128,1.137,1.139,1.125,1264664.0
2024-12-31,1.135,1.133,1.147,1.128,1506080.0
2025-01-02,1.131,1.1,1.135,1.094,1559577.0
2025-01-03,1.097,1.1,1.118,1.096,1789300.0
2025-01-06,1.098,1.099,1.109,1.084,1368545.0
2025-01-07,1.099,1.09,1.101,1.077,1098677.0
2025-01-08,1.087,1.077,1.088,1.064,1195653.0
2025-01-09,1.076,1.066,1.076,1.06,985962.0
2025-01-10,1.064,1.046,1.07,1.046,902643.0
2025-01-13,1.042,1.043,1.051,1.04,794016.0
2025-01-14,1.045,1.065,1.065,1.04,1066796.0
2025-01-15,1.061,1.058,1.066,1.055,746073.0
2025-01-16,1.063,1.075,1.084,1.062,1394666.0
2025-01-17,1.071,1.071,1.076,1.067,827645.0
2025-01-20,1.072,1.058,1.072,1.055,1051273.0
2025-01-21,1.06,1.043,1.061,1.039,1095669.0
2025-01-22,1.041,1.032,1.042,1.03,1244639.0
2025-01-23,1.038,1.04,1.051,1.037,1296041.0
2025-01-24,1.041,1.047,1.051,1.032,1431511.0
2025-01-27,1.046,1.055,1.06,1.046,984856.0
2025-02-05,1.061,1.038,1.061,1.033,943818.0
2025-02-06,1.039,1.043,1.044,1.028,1231897.0
2025-02-07,1.04,1.056,1.059,1.035,1346777.0
2025-02-10,1.052,1.054,1.059,1.05,1148640.0
2025-02-11,1.054,1.048,1.055,1.042,922828.0
2025-02-12,1.047,1.044,1.047,1.038,873524.0
2025-02-13,1.044,1.047,1.052,1.041,2229038.0
2025-02-14,1.042,1.041,1.047,1.037,1416659.0
2025-02-17,1.04,1.03,1.041,1.028,1774309.0
2025-02-18,1.03,1.016,1.03,1.013,2691994.0
2025-02-19,1.016,1.011,1.017,1.006,1659113.0
2025-02-20,1.01,1.012,1.015,1.005,1718769.0
2025-02-21,1.015,1.006,1.015,1.004,2832978.0
2025-02-24,1.004,1.008,1.009,0.998,2943740.0
2025-02-25,1.005,1.004,1.017,0.998,2897760.0
2025-02-26,1.003,1.014,1.015,1.001,3620686.0
2025-02-27,1.014,1.006,1.014,1.001,2768485.0
2025-02-28,1.005,0.993,1.008,0.992,3636995.0
2025-03-03,0.993,0.998,1.003,0.993,1858751.0
2025-03-04,0.995,0.985,0.995,0.983,1949217.0
2025-03-05,0.983,0.979,0.984,0.972,2032522.0
2025-03-06,0.978,0.985,0.986,0.974,1797258.0
2025-03-07,0.984,0.994,0.999,0.982,3055251.0
2025-03-10,0.995,1.009,1.01,0.992,3186056.0
2025-03-11,1.004,1.007,1.009,0.998,1917382.0
2025-03-12,1.007,1.002,1.008,1.0,1973987.0
2025-03-13,1.002,1.046,1.047,1.001,6498145.0
2025-03-14,1.04,1.043,1.044,1.032,4724929.0
2025-03-17,1.042,1.04,1.049,1.038,1863307.0
2025-03-18,1.04,1.033,1.041,1.028,2861945.0
2025-03-19,1.03,1.031,1.038,1.025,2020112.0
2025-03-20,1.031,1.037,1.05,1.03,2881923.0
2025-03-21,1.03,1.033,1.042,1.027,4439600.0
2025-03-24,1.031,1.034,1.044,1.025,2831330.0
2025-03-25,1.035,1.057,1.058,1.03,4420390.0
2025-03-26,1.057,1.055,1.058,1.046,2613576.0
2025-03-27,1.053,1.043,1.057,1.042,2546918.0
2025-03-28,1.042,1.026,1.042,1.022,3095560.0
2025-03-31,1.023,1.013,1.027,1.01,2964007.0
2025-04-01,1.013,1.028,1.029,1.013,2246199.0
2025-04-02,1.024,1.024,1.032,1.021,1782143.0
2025-04-03,1.019,1.025,1.025,1.017,1289543.0
2025-04-07,0.998,0.933,0.998,0.923,3620705.0
2025-04-08,0.937,0.967,0.969,0.937,2901065.0
2025-04-09,0.957,0.968,0.969,0.94,1801798.0
2025-04-10,0.972,0.974,0.98,0.966,1645425.0
2025-04-11,0.973,0.968,0.973,0.964,1631505.0
2025-04-14,0.969,0.992,0.993,0.968,2055261.0
2025-04-15,0.988,0.991,0.993,0.983,1229225.0
2025-04-16,0.99,0.991,0.993,0.982,1119649.0
2025-04-17,0.989,0.99,0.993,0.984,1001336.0
2025-04-18,0.989,0.985,0.989,0.981,943119.0
2025-04-21,0.983,0.986,0.988,0.981,1209383.0
2025-04-22,0.982,0.984,0.992,0.982,1152285.0
2025-04-23,0.986,0.983,0.988,0.98,1092802.0
2025-04-24,0.983,0.985,0.992,0.981,1425218.0
2025-04-25,0.987,0.983,0.987,0.974,1310565.0
2025-04-28,0.977,0.971,0.978,0.961,1681714.0
2025-04-29,0.966,0.963,0.969,0.958,1275415.0
2025-04-30,0.961,0.958,0.964,0.958,961965.0
2025-05-06,0.962,0.968,0.968,0.958,1333043.0
2025-05-07,0.97,0.974,0.976,0.967,2024589.0
2025-05-08,0.971,0.975,0.977,0.968,1283503.0
2025-05-09,0.975,0.971,0.976,0.968,1097326.0
2025-05-12,0.974,0.973,0.975,0.967,989360.0
2025-05-13,0.974,0.98,0.983,0.974,2136246.0
2025-05-14,0.98,0.991,0.991,0.976,2307909.0
2025-05-15,0.987,0.991,1.006,0.987,1928195.0
2025-05-16,0.986,0.986,0.992,0.982,1436202.0
2025-05-19,0.985,0.988,0.989,0.984,907267.0
2025-05-20,0.988,0.986,0.989,0.983,1130649.0
2025-05-21,0.986,1.01,1.014,0.985,3383182.0
2025-05-22,1.005,1.002,1.009,1.0,1525491.0
2025-05-23,1.001,0.993,1.012,0.992,2220490.0
2025-05-26,0.991,0.989,0.994,0.985,1271053.0
2025-05-27,0.99,0.98,0.992,0.976,1515796.0
2025-05-28,0.98,0.986,0.989,0.977,1036789.0
2025-05-29,0.985,0.992,0.995,0.984,1083784.0
2025-05-30,0.991,0.986,0.992,0.985,1067999.0
2025-06-03,0.985,0.979,0.985,0.974,1479058.0
2025-06-04,0.982,0.989,0.99,0.975,2135363.0
2025-06-05,0.989,0.983,0.994,0.98,1470058.0
2025-06-06,0.986,0.987,0.994,0.985,1880775.0
2025-06-09,0.983,0.991,0.992,0.982,1287446.0
2025-06-10,0.99,0.986,0.994,0.98,1578985.0
2025-06-11,0.986,0.995,0.999,0.985,1620573.0
2025-06-12,0.993,0.987,0.994,0.985,1087136.0
2025-06-13,0.989,0.985,0.99,0.983,1147556.0
2025-06-16,0.988,0.986,0.991,0.984,2062512.0
2025-06-17,0.986,0.994,0.995,0.979,1727719.0
2025-06-18,0.992,0.986,0.994,0.982,1739982.0
2025-06-19,0.985,0.972,0.985,0.969,1957471.0
2025-06-20,0.972,0.973,0.983,0.972,1226150.0
2025-06-23,0.974,0.99,0.991,0.97,2086091.0
2025-06-24,0.984,0.985,0.987,0.976,1672456.0
2025-06-25,0.985,0.985,0.986,0.977,1963228.0
2025-06-26,0.985,0.98,0.991,0.979,1450671.0
2025-06-27,0.985,0.99,0.993,0.981,2071551.0
2025-06-30,0.992,0.991,0.993,0.987,1667021.0
2025-07-01,0.988,0.991,0.991,0.984,1240185.0
2025-07-02,0.989,1.009,1.009,0.987,2634931.0
2025-07-03,1.009,1.003,1.018,0.998,3856267.0
2025-07-04,1.003,1.003,1.015,1.002,3537723.0
2025-07-07,1.004,1.003,1.006,0.996,1813347.0
2025-07-08,1.003,1.007,1.008,0.998,1680653.0
2025-07-09,1.007,1.015,1.017,1.007,2337128.0
2025-07-10,1.014,1.033,1.035,1.013,9617115.0
2025-07-11,1.036,1.029,1.037,1.026,8169144.0
2025-07-14,1.027,1.031,1.04,1.024,4830504.0
2025-07-15,1.029,1.007,1.029,1.004,4991492.0
2025-07-16,1.007,1.003,1.007,0.999,2541830.0
2025-07-17,1.003,1.005,1.005,0.999,2561058.0
2025-07-18,1.008,1.016,1.022,1.008,4609031.0
2025-07-21,1.02,1.043,1.043,1.019,5519180.0
2025-07-22,1.048,1.129,1.131,1.037,14724894.0
2025-07-23,1.16,1.112,1.16,1.106,12202957.0
2025-07-24,1.106,1.13,1.134,1.092,6978278.0
2025-07-25,1.128,1.115,1.148,1.112,5669811.0
2025-07-28,1.09,1.083,1.1,1.075,7466799.0
2025-07-29,1.079,1.093,1.093,1.07,3979175.0
2025-07-30,1.098,1.09,1.109,1.087,4984976.0
2025-07-31,1.075,1.057,1.082,1.05,7967904.0
2025-08-01,1.059,1.058,1.065,1.055,4367560.0
2025-08-04,1.052,1.065,1.065,1.049,3196958.0
2025-08-05,1.066,1.078,1.08,1.063,4969978.0
2025-08-06,1.078,1.101,1.104,1.076,6825691.0
2025-08-07,1.097,1.102,1.109,1.086,5754623.0
2025-08-08,1.097,1.098,1.106,1.093,4607798.0
2025-08-11,1.099,1.098,1.105,1.094,4370296.0
2025-08-12,1.102,1.112,1.118,1.099,5680421.0
2025-08-13,1.11,1.1,1.11,1.099,6084183.0
2025-08-14,1.097,1.083,1.098,1.08,7106207.0
2025-08-15,1.079,1.093,1.094,1.078,5452387.0
2025-08-18,1.1,1.087,1.107,1.083,8390674.0
2025-08-19,1.085,1.082,1.086,1.079,4656354.0
2025-08-20,1.079,1.086,1.086,1.074,3207024.0
2025-08-21,1.088,1.095,1.098,1.083,4951089.0
2025-08-22,1.094,1.094,1.095,1.082,9900651.0
2025-08-25,1.101,1.109,1.112,1.096,8427789.0
2025-08-26,1.11,1.1,1.11,1.098,6573861.0
2025-08-27,1.097,1.069,1.098,1.068,9127732.0
2025-08-28,1.064,1.062,1.068,1.047,7741674.0
2025-08-29,1.061,1.061,1.073,1.056,4857452.0
2025-09-01,1.059,1.063,1.069,1.052,4327794.0
2025-09-02,1.062,1.056,1.063,1.052,5175413.0
2025-09-03,1.058,1.038,1.061,1.035,5336062.0
2025-09-04,1.034,1.043,1.044,1.03,3666044.0
2025-09-05,1.044,1.056,1.058,1.038,5435371.0
2025-09-08,1.056,1.063,1.063,1.049,3565155.0
2025-09-09,1.064,1.061,1.067,1.055,4199259.0
2025-09-10,1.057,1.052,1.06,1.05,4188046.0
2025-09-11,1.053,1.056,1.056,1.045,5969645.0
2025-09-12,1.056,1.06,1.065,1.049,5792537.0
2025-09-15,1.058,1.073,1.074,1.053,6965165.0
2025-09-16,1.083,1.077,1.089,1.071,11432786.0
2025-09-17,1.071,1.1,1.103,1.069,9838123.0
2025-09-18,1.092,1.073,1.095,1.063,8686375.0
2025-09-19,1.073,1.1,1.101,1.072,8849265.0
2025-09-22,1.099,1.09,1.109,1.086,8386436.0
2025-09-23,1.087,1.095,1.102,1.08,7681550.0
2025-09-24,1.089,1.095,1.099,1.081,6708190.0
2025-09-25,1.092,1.087,1.093,1.082,9434963.0
2025-09-26,1.087,1.082,1.094,1.081,4957895.0
2025-09-29,1.074,1.071,1.075,1.058,6330628.0
2025-09-30,1.066,1.069,1.073,1.061,3744230.0
2025-10-09,1.069,1.099,1.1,1.066,7021411.0
2025-10-10,1.094,1.12,1.13,1.089,11674968.0
2025-10-13,1.094,1.117,1.118,1.094,7042333.0
2025-10-14,1.118,1.146,1.15,1.114,11871907.0
2025-10-15,1.149,1.145,1.154,1.133,9401413.0
2025-10-16,1.145,1.179,1.181,1.143,13386385.0
2025-10-17,1.177,1.169,1.197,1.167,12122503.0
2025-10-20,1.173,1.218,1.22,1.172,14816327.0
2025-10-21,1.206,1.203,1.206,1.181,17551286.0
2025-10-22,1.19,1.181,1.201,1.178,10437677.0
2025-10-23,1.18,1.21,1.219,1.18,13493691.0
2025-10-24,1.194,1.188,1.198,1.179,12179344.0
2025-10-27,1.177,1.197,1.212,1.157,15195379.0
2025-10-28,1.188,1.184,1.194,1.175,9362646.0
2025-10-29,1.18,1.2,1.207,1.171,10699001.0
2025-10-30,1.192,1.194,1.209,1.19,9588413.0
2025-10-31,1.186,1.182,1.193,1.178,7187892.0
2025-11-03,1.184,1.212,1.221,1.183,12193493.0
2025-11-04,1.207,1.21,1.226,1.203,7206098.0
2025-11-05,1.203,1.231,1.245,1.201,9351627.0
2025-11-06,1.229,1.24,1.251,1.22,7721042.0
2025-11-07,1.238,1.24,1.255,1.23,5300273.0
2025-11-10,1.243,1.248,1.26,1.231,6447583.0
2025-11-11,1.241,1.232,1.244,1.211,9929213.0
2025-11-12,1.223,1.217,1.231,1.214,6701288.0
2025-11-13,1.213,1.229,1.232,1.206,6926033.0
2025-11-14,1.224,1.215,1.239,1.211,6132664.0
2025-11-17,1.215,1.236,1.242,1.206,9074012.0
2025-11-18,1.228,1.193,1.229,1.189,7576362.0
2025-11-19,1.185,1.192,1.198,1.18,4160683.0
2025-11-20,1.184,1.166,1.193,1.163,6782857.0
2025-11-21,1.16,1.132,1.163,1.131,7606427.0
2025-11-24,1.132,1.122,1.14,1.113,5580642.0
2025-11-25,1.121,1.13,1.131,1.118,4308353.0
2025-11-26,1.123,1.122,1.131,1.12,3352861.0
2025-11-27,1.122,1.129,1.131,1.115,4009698.0
2025-11-28,1.124,1.128,1.132,1.12,2909600.0
2025-12-01,1.128,1.139,1.139,1.128,3517295.0
2025-12-02,1.14,1.138,1.142,1.125,4424802.0
2025-12-03,1.133,1.145,1.155,1.132,4670657.0
2025-12-04,1.145,1.135,1.145,1.13,3401662.0
2025-12-05,1.131,1.13,1.133,1.122,3116972.0
2025-12-08,1.123,1.113,1.124,1.104,6413912.0
2025-12-09,1.109,1.097,1.11,1.095,3946672.0
2025-12-10,1.097,1.1,1.102,1.094,2492583.0
2025-12-11,1.098,1.089,1.105,1.087,2753256.0
2025-12-12,1.089,1.085,1.099,1.083,3700446.0
2025-12-15,1.087,1.093,1.1,1.085,3684919.0
2025-12-16,1.09,1.075,1.091,1.072,2937136.0
2025-12-17,1.073,1.075,1.076,1.064,3160369.0
2025-12-18,1.08,1.095,1.096,1.079,4266837.0
2025-12-19,1.085,1.091,1.092,1.081,4248108.0
2025-12-22,1.09,1.089,1.093,1.081,3474282.0
2025-12-23,1.089,1.083,1.092,1.079,3599858.0
2025-12-24,1.045,1.038,1.045,1.028,3611951.0
2025-12-25,1.037,1.036,1.038,1.032,3881063.0
2025-12-26,1.033,1.039,1.042,1.032,3657876.0
2025-12-29,1.039,1.043,1.052,1.038,4062990.0
2025-12-30,1.04,1.035,1.041,1.03,2330528.0
2025-12-31,1.033,1.028,1.036,1.024,2295563.0
2026-01-05,1.028,1.034,1.037,1.028,2924240.0
2026-01-06,1.033,1.053,1.053,1.031,7049918.0
2026-01-07,1.059,1.093,1.094,1.053,12688260.0
2026-01-08,1.1,1.092,1.104,1.082,9476354.0
2026-01-09,1.08,1.096,1.098,1.08,6447284.0
2026-01-12,1.096,1.094,1.104,1.086,5117991.0
2026-01-13,1.092,1.081,1.094,1.079,5172851.0
2026-01-14,1.08,1.072,1.085,1.065,6020647.0
2026-01-15,1.072,1.067,1.077,1.064,3665123.0
2026-01-16,1.067,1.054,1.074,1.05,4163412.0
2026-01-19,1.054,1.069,1.069,1.054,3892984.0
2026-01-20,1.068,1.083,1.084,1.06,3905805.0
2026-01-21,1.08,1.07,1.08,1.061,4196712.0
2026-01-22,1.067,1.089,1.09,1.063,5199280.0
2026-01-23,1.087,1.079,1.087,1.076,4903815.0
2026-01-26,1.077,1.101,1.103,1.075,6666091.0
2026-01-27,1.101,1.073,1.103,1.072,5871823.0
2026-01-28,1.075,1.124,1.129,1.071,10633101.0
2026-01-29,1.122,1.129,1.14,1.111,9733303.0
2026-01-30,1.135,1.13,1.168,1.116,10368467.0
2026-02-02,1.101,1.063,1.113,1.06,8801501.0
2026-02-03,1.066,1.069,1.077,1.054,5276698.0
2026-02-04,1.073,1.166,1.175,1.072,21437547.0
2026-02-05,1.139,1.133,1.145,1.122,9912790.0
2026-02-06,1.115,1.128,1.137,1.108,6384347.0
2026-02-09,1.122,1.134,1.14,1.122,5379468.0
2026-02-10,1.131,1.144,1.15,1.118,4809936.0
2026-02-11,1.14,1.16,1.165,1.128,6912048.0
2026-02-12,1.158,1.164,1.177,1.151,5069726.0
2026-02-13,1.156,1.144,1.168,1.143,5096942.0
2026-02-24,1.148,1.18,1.187,1.148,5417641.0
2026-02-25,1.175,1.177,1.2,1.172,5859714.0
2026-02-26,1.176,1.169,1.193,1.163,4717958.0
2026-02-27,1.166,1.202,1.207,1.164,5695304.0
2026-03-02,1.233,1.243,1.247,1.209,14015493.0
2026-03-03,1.247,1.283,1.31,1.223,14852624.0
2026-03-04,1.27,1.255,1.27,1.207,9976981.0
2026-03-05,1.231,1.252,1.266,1.218,8763230.0
2026-03-06,1.235,1.237,1.245,1.217,6945625.0
2026-03-09,1.3,1.276,1.33,1.268,17697390.0
2026-03-10,1.205,1.234,1.254,1.204,9543748.0
2026-03-11,1.229,1.268,1.273,1.215,8666178.0
2026-03-12,1.282,1.335,1.342,1.269,13970095.0
2026-03-13,1.336,1.319,1.36,1.317,10759747.0
2026-03-16,1.324,1.288,1.335,1.28,9674464.0
2026-03-17,1.277,1.26,1.295,1.253,9024761.0
2026-03-18,1.254,1.251,1.283,1.234,7089735.0
2026-03-19,1.276,1.279,1.29,1.264,10834107.0
2026-03-20,1.256,1.283,1.293,1.25,9620529.0
2026-03-23,1.308,1.293,1.33,1.28,9344455.0
2026-03-24,1.262,1.286,1.292,1.262,7037289.0
2026-03-25,1.255,1.266,1.272,1.234,8412092.0
2026-03-26,1.267,1.281,1.286,1.258,6235889.0
2026-03-27,1.268,1.277,1.289,1.262,4500053.0
2026-03-30,1.278,1.268,1.298,1.257,5037986.0
2026-03-31,1.253,1.22,1.272,1.217,7619346.0
2026-04-01,1.205,1.213,1.232,1.196,5900057.0
2026-04-02,1.214,1.225,1.238,1.214,4136011.0
2026-04-03,1.222,1.192,1.223,1.186,3335667.0
2026-04-07,1.192,1.226,1.227,1.185,4361391.0
2026-04-08,1.187,1.202,1.202,1.178,8740503.0
2026-04-09,1.202,1.193,1.205,1.19,3390145.0
2026-04-10,1.185,1.195,1.205,1.183,5953187.0
2026-04-13,1.207,1.206,1.217,1.195,4903933.0
2026-04-14,1.196,1.193,1.202,1.185,6509272.0
2026-04-15,1.187,1.195,1.199,1.166,5608636.0
2026-04-16,1.191,1.198,1.199,1.187,3713388.0
2026-04-17,1.198,1.179,1.2,1.176,4102551.0
2026-04-20,1.179,1.177,1.188,1.165,5032075.0
2026-04-21,1.172,1.206,1.21,1.172,5157123.0
2026-04-22,1.207,1.21,1.224,1.205,4331408.0
2026-04-23,1.204,1.246,1.254,1.204,6735581.0
2026-04-24,1.244,1.247,1.263,1.24,5326391.0
2026-04-27,1.233,1.254,1.259,1.221,6151853.0
2026-04-28,1.243,1.298,1.305,1.243,6390467.0
2026-04-29,1.291,1.32,1.333,1.288,5901613.0
2026-04-30,1.316,1.315,1.328,1.302,8818984.0
2026-05-06,1.307,1.322,1.325,1.292,6762757.0
2026-05-07,1.305,1.257,1.306,1.255,8460767.0
2026-05-08,1.259,1.246,1.272,1.243,4812872.0
2026-05-11,1.246,1.252,1.273,1.246,8086165.0
2026-05-12,1.249,1.239,1.26,1.233,4235094.0
2026-05-13,1.237,1.228,1.245,1.22,6295848.0
2026-05-14,1.227,1.212,1.239,1.211,4027715.0
2026-05-15,1.211,1.231,1.247,1.201,8385956.0
2026-05-18,1.237,1.252,1.256,1.22,8904236.0
2026-05-19,1.245,1.249,1.263,1.24,5287656.0
2026-05-20,1.248,1.229,1.257,1.226,4901432.0
2026-05-21,1.212,1.19,1.224,1.187,5317690.0
2026-05-22,1.186,1.18,1.192,1.168,4052668.0
2026-05-25,1.217,1.218,1.252,1.213,9602177.0
2026-05-26,1.205,1.206,1.228,1.197,4772595.0
2026-05-27,1.202,1.23,1.236,1.192,5355779.0
2026-05-28,1.227,1.251,1.276,1.223,7464525.0
2026-05-29,1.243,1.284,1.29,1.24,7004623.0
2026-06-01,1.292,1.369,1.371,1.273,13695452.0
2026-06-02,1.37,1.347,1.41,1.336,12464265.0
2026-06-03,1.325,1.4,1.412,1.321,14781750.0
2026-06-04,1.39,1.43,1.459,1.366,17084186.0
2026-06-05,1.406,1.395,1.439,1.39,11993638.0
2026-06-08,1.383,1.389,1.423,1.362,14289104.0
2026-06-09,1.343,1.36,1.376,1.332,8704658.0
2026-06-10,1.35,1.305,1.353,1.298,7565569.0
2026-06-11,1.314,1.31,1.331,1.293,6370576.0
2026-06-12,1.28,1.318,1.336,1.28,7077253.0
2026-06-15,1.292,1.258,1.292,1.247,11997710.0
2026-06-16,1.248,1.225,1.249,1.214,12665229.0
2026-06-17,1.223,1.195,1.225,1.19,7340958.0
2026-06-18,1.188,1.156,1.19,1.155,7711904.0
2026-06-22,1.152,1.181,1.182,1.142,11836340.0
2026-06-23,1.173,1.165,1.196,1.16,6624355.0
2026-06-24,1.166,1.129,1.167,1.125,8334395.0
2026-06-25,1.119,1.11,1.136,1.102,6720535.0
2026-06-26,1.115,1.081,1.118,1.08,5009212.0
2026-06-29,1.082,1.098,1.103,1.062,5879231.0
2026-06-30,1.094,1.067,1.098,1.059,6716147.0
2026-07-01,1.062,1.096,1.109,1.059,8183391.0
2026-07-02,1.095,1.103,1.121,1.092,12776215.0
2026-07-03,1.107,1.115,1.125,1.105,6896606.0
2026-07-06,1.106,1.162,1.163,1.102,12513047.0
2026-07-07,1.159,1.128,1.163,1.119,8735998.0
2026-07-08,1.132,1.141,1.166,1.126,8098442.0
2026-07-09,1.13,1.119,1.145,1.114,6844892.0
2026-07-10,1.101,1.119,1.129,1.089,6097826.0
2026-07-13,1.122,1.12,1.134,1.104,5569190.0
2026-07-14,1.123,1.166,1.172,1.117,11581250.0
2026-07-15,1.15,1.186,1.189,1.146,8477975.0
2026-07-16,1.187,1.159,1.192,1.15,6098533.0
